2026-02-07 01:04:20,670 - Knowledge - INFO - Created shared MongoDB connection pool
2026-02-07 01:04:20,982 - Knowledge - INFO - Starting Knowledge Graph processing with 20 threads
2026-02-07 01:04:21,178 - Knowledge - INFO - Initial configuration: chunk_size=65536, max_cache_size=500
2026-02-07 01:04:21,353 - Knowledge - INFO - Knowledge Graph concurrency configuration: workers=20, max_batch_size=10, max_concurrent_llm_calls=50
2026-02-07 01:04:22,912 - Knowledge - INFO - 🔍 _load_persisted_knowledge called - checking for Redis optimization
2026-02-07 01:04:23,077 - Knowledge - WARNING - ❌ load_from_redis method not found - Redis support not attached
2026-02-07 01:04:23,213 - Knowledge - INFO - load persisted knowledge: begin
2026-02-07 01:04:23,364 - Knowledge - INFO - Loaded 0 files from persisted knowledge
2026-02-07 01:04:23,561 - Knowledge - INFO - load persisted knowledge: end
2026-02-07 01:04:23,742 - Knowledge - WARNING - No persisted knowledge found. Files will be queued during start()
2026-02-07 01:04:23,938 - Knowledge - INFO - Redis support added with prefix knowledge:b7037k2:
2026-02-07 01:04:24,274 - Knowledge - INFO - Starting knowledge initialization for ID: VE9EZl-b7037k2
2026-02-07 01:04:24,431 - Knowledge - INFO - 🔍 Checking Redis for build_id: b7037k2
2026-02-07 01:04:24,593 - Knowledge - INFO - 🔍 Full session ID: VE9EZl-b7037k2
2026-02-07 01:04:24,764 - Knowledge - INFO - 🔍 Redis prefix will be: knowledge:b7037k2:
2026-02-07 01:04:24,937 - Knowledge - INFO - 🔍 Using attached load_from_redis() method
2026-02-07 01:04:25,130 - Knowledge - INFO - 🔍 Attempting to load knowledge from Redis...
2026-02-07 01:04:25,362 - Knowledge - INFO - 🔍 Using derived instance_id for Redis lookup: b7037k2
2026-02-07 01:04:25,562 - Knowledge - WARNING - ❌ No Redis cache found
2026-02-07 01:04:25,782 - Knowledge - INFO - 📁 Loading knowledge from disk...
2026-02-07 01:04:26,015 - Knowledge - INFO - load persisted docinfo: begin
2026-02-07 01:04:26,154 - Knowledge - INFO - load persisted docinfo: end
2026-02-07 01:04:26,287 - Knowledge - INFO - 🔍 _load_persisted_knowledge called - checking for Redis optimization
2026-02-07 01:04:26,433 - Knowledge - INFO - ✅ load_from_redis method found - attempting Redis load
2026-02-07 01:04:26,595 - Knowledge - INFO - 🔍 Attempting to load knowledge from Redis...
2026-02-07 01:04:26,727 - Knowledge - INFO - 🔍 Using derived instance_id for Redis lookup: b7037k2
2026-02-07 01:04:26,923 - Knowledge - WARNING - ❌ No Redis cache found
2026-02-07 01:04:27,097 - Knowledge - INFO - ❌ Redis load returned False - falling back to file loading
2026-02-07 01:04:27,278 - Knowledge - INFO - load persisted knowledge: begin
2026-02-07 01:04:27,462 - Knowledge - INFO - Loaded 0 files from persisted knowledge
2026-02-07 01:04:27,654 - Knowledge - INFO - load persisted knowledge: end
2026-02-07 01:04:27,806 - Knowledge - INFO - 📁 Disk load complete in 1.83s
2026-02-07 01:04:28,018 - Knowledge - INFO - Populating ingest queue with source files...
2026-02-07 01:04:28,299 - Knowledge - INFO - Added 156 files from /app/data/T0015/317351/b7037k2/Spring5-MVC-Hibernate5-SpringSecurity5-CRUD-317351 to ingest queue
2026-02-07 01:04:28,465 - Knowledge - INFO - [WEBSOCKET] Sent: Type=progress_update, Size: 160, Duration: 0ms
2026-02-07 01:04:28,615 - Knowledge - INFO - Worker kw1 created using shared MongoDB connection pool
2026-02-07 01:04:28,787 - Knowledge - INFO - knowledge worker kw1 start
2026-02-07 01:04:28,788 - Knowledge - INFO - Worker kw2 created using shared MongoDB connection pool
2026-02-07 01:04:28,950 - Knowledge - INFO - [kw1] Queue=156, InProgress=0, PendingWorkers=0/1, Completed=0/156 (0.0%)
2026-02-07 01:04:29,110 - Knowledge - INFO - knowledge worker kw2 start
2026-02-07 01:04:29,110 - Knowledge - INFO - Worker kw3 created using shared MongoDB connection pool
2026-02-07 01:04:29,222 - Knowledge - INFO - Batch sizing: calculated=5, max_allowed=10, queue=156, active_workers=0/2
2026-02-07 01:04:29,293 - Knowledge - INFO - [kw2] Queue=156, InProgress=0, PendingWorkers=0/2, Completed=0/156 (0.0%)
2026-02-07 01:04:29,364 - Knowledge - INFO - knowledge worker kw3 start
2026-02-07 01:04:29,364 - Knowledge - INFO - Worker kw4 created using shared MongoDB connection pool
2026-02-07 01:04:29,456 - Knowledge - INFO - Worker kw1 processing /app/data/T0015/317351/b7037k2/Spring5-MVC-Hibernate5-SpringSecurity5-CRUD-317351/README.md
2026-02-07 01:04:29,525 - Knowledge - INFO - Batch sizing: calculated=5, max_allowed=10, queue=156, active_workers=1/3
2026-02-07 01:04:29,627 - Knowledge - INFO - [kw3] Queue=151, InProgress=0, PendingWorkers=1/3, Completed=0/156 (0.0%)
2026-02-07 01:04:29,729 - Knowledge - INFO - knowledge worker kw4 start
2026-02-07 01:04:29,729 - Knowledge - INFO - Worker kw5 created using shared MongoDB connection pool
2026-02-07 01:04:29,805 - Knowledge - INFO - Fast-tracked /app/data/T0015/317351/b7037k2/Spring5-MVC-Hibernate5-SpringSecurity5-CRUD-317351/README.md (ext=.md, size=1343)
2026-02-07 01:04:29,872 - Knowledge - INFO - Worker kw2 processing /app/data/T0015/317351/b7037k2/Spring5-MVC-Hibernate5-SpringSecurity5-CRUD-317351/QuickFixer/src/main/java/com/umesh/myfixer/dao/TicketDAO.java
2026-02-07 01:04:29,946 - Knowledge - INFO - Batch sizing: calculated=5, max_allowed=10, queue=151, active_workers=2/4
2026-02-07 01:04:30,073 - Knowledge - INFO - [kw4] Queue=146, InProgress=0, PendingWorkers=2/4, Completed=0/156 (0.0%)
2026-02-07 01:04:30,184 - Knowledge - INFO - knowledge worker kw5 start
2026-02-07 01:04:30,184 - Knowledge - INFO - Worker kw6 created using shared MongoDB connection pool
2026-02-07 01:04:30,275 - Knowledge - INFO - Worker kw1 processing /app/data/T0015/317351/b7037k2/Spring5-MVC-Hibernate5-SpringSecurity5-CRUD-317351/QuickFixer/src/main/java/com/umesh/myfixer/security/UserDetailsServiceImp.java
2026-02-07 01:04:30,363 - Knowledge - INFO - Fast-tracked /app/data/T0015/317351/b7037k2/Spring5-MVC-Hibernate5-SpringSecurity5-CRUD-317351/QuickFixer/src/main/java/com/umesh/myfixer/dao/TicketDAO.java (ext=.java, size=350)
2026-02-07 01:04:30,472 - Knowledge - INFO - Worker kw3 processing /app/data/T0015/317351/b7037k2/Spring5-MVC-Hibernate5-SpringSecurity5-CRUD-317351/QuickFixer/src/main/java/com/umesh/myfixer/dao/AuthoritiesDAOImpl.java
2026-02-07 01:04:30,562 - Knowledge - INFO - Batch sizing: calculated=5, max_allowed=10, queue=146, active_workers=3/5
2026-02-07 01:04:30,674 - Knowledge - INFO - [kw5] Queue=141, InProgress=0, PendingWorkers=3/5, Completed=0/156 (0.0%)
2026-02-07 01:04:30,772 - Knowledge - INFO - knowledge worker kw6 start
2026-02-07 01:04:30,773 - Knowledge - INFO - Worker kw7 created using shared MongoDB connection pool
2026-02-07 01:04:30,848 - Knowledge - INFO - Fast-tracked /app/data/T0015/317351/b7037k2/Spring5-MVC-Hibernate5-SpringSecurity5-CRUD-317351/QuickFixer/src/main/java/com/umesh/myfixer/security/UserDetailsServiceImp.java (ext=.java, size=1392)
2026-02-07 01:04:30,953 - Knowledge - INFO - Worker kw2 processing /app/data/T0015/317351/b7037k2/Spring5-MVC-Hibernate5-SpringSecurity5-CRUD-317351/QuickFixer/src/main/java/com/umesh/myfixer/dao/TicketDAOImpl.java
2026-02-07 01:04:31,068 - Knowledge - INFO - Fast-tracked /app/data/T0015/317351/b7037k2/Spring5-MVC-Hibernate5-SpringSecurity5-CRUD-317351/QuickFixer/src/main/java/com/umesh/myfixer/dao/AuthoritiesDAOImpl.java (ext=.java, size=961)
2026-02-07 01:04:31,182 - Knowledge - INFO - Worker kw4 processing /app/data/T0015/317351/b7037k2/Spring5-MVC-Hibernate5-SpringSecurity5-CRUD-317351/QuickFixer/src/main/java/com/umesh/myfixer/services/TicketService.java
2026-02-07 01:04:31,267 - Knowledge - INFO - Batch sizing: calculated=5, max_allowed=10, queue=141, active_workers=4/6
2026-02-07 01:04:31,365 - Knowledge - INFO - [kw6] Queue=136, InProgress=0, PendingWorkers=4/6, Completed=0/156 (0.0%)
2026-02-07 01:04:31,462 - Knowledge - INFO - knowledge worker kw7 start
2026-02-07 01:04:31,463 - Knowledge - INFO - Worker kw8 created using shared MongoDB connection pool
2026-02-07 01:04:31,581 - Knowledge - INFO - Worker kw1 processing /app/data/T0015/317351/b7037k2/Spring5-MVC-Hibernate5-SpringSecurity5-CRUD-317351/QuickFixer/src/main/java/com/umesh/myfixer/controller/MasterController.java
2026-02-07 01:04:31,681 - Knowledge - INFO - Worker kw2 processing /app/data/T0015/317351/b7037k2/Spring5-MVC-Hibernate5-SpringSecurity5-CRUD-317351/QuickFixer/src/main/java/com/umesh/myfixer/dao/UserDAOImpl.java
2026-02-07 01:04:31,793 - Knowledge - INFO - Worker kw3 processing /app/data/T0015/317351/b7037k2/Spring5-MVC-Hibernate5-SpringSecurity5-CRUD-317351/QuickFixer/src/main/java/com/umesh/myfixer/services/UserService.java
2026-02-07 01:04:31,887 - Knowledge - INFO - Fast-tracked /app/data/T0015/317351/b7037k2/Spring5-MVC-Hibernate5-SpringSecurity5-CRUD-317351/QuickFixer/src/main/java/com/umesh/myfixer/services/TicketService.java (ext=.java, size=359)
2026-02-07 01:04:31,961 - Knowledge - INFO - Worker kw5 processing /app/data/T0015/317351/b7037k2/Spring5-MVC-Hibernate5-SpringSecurity5-CRUD-317351/QuickFixer/src/main/java/com/umesh/myfixer/config/WebSecurityConfig.java
2026-02-07 01:04:32,055 - Knowledge - INFO - Batch sizing: calculated=5, max_allowed=10, queue=136, active_workers=5/7
2026-02-07 01:04:32,124 - Knowledge - INFO - [kw7] Queue=131, InProgress=0, PendingWorkers=5/7, Completed=0/156 (0.0%)
2026-02-07 01:04:32,220 - Knowledge - INFO - knowledge worker kw8 start
2026-02-07 01:04:32,221 - Knowledge - INFO - Worker kw9 created using shared MongoDB connection pool
2026-02-07 01:04:32,322 - Knowledge - INFO - Worker kw1 processing /app/data/T0015/317351/b7037k2/Spring5-MVC-Hibernate5-SpringSecurity5-CRUD-317351/QuickFixer/src/main/java/com/umesh/myfixer/controller/TicketController.java
2026-02-07 01:04:32,396 - Knowledge - INFO - Worker kw2 processing /app/data/T0015/317351/b7037k2/Spring5-MVC-Hibernate5-SpringSecurity5-CRUD-317351/QuickFixer/src/main/java/com/umesh/myfixer/dao/AuthorityDAO.java
2026-02-07 01:04:32,506 - Knowledge - INFO - Fast-tracked /app/data/T0015/317351/b7037k2/Spring5-MVC-Hibernate5-SpringSecurity5-CRUD-317351/QuickFixer/src/main/java/com/umesh/myfixer/services/UserService.java (ext=.java, size=346)
2026-02-07 01:04:32,623 - Knowledge - INFO - Worker kw4 processing /app/data/T0015/317351/b7037k2/Spring5-MVC-Hibernate5-SpringSecurity5-CRUD-317351/QuickFixer/src/main/java/com/umesh/myfixer/services/TicketServiceImpl.java
2026-02-07 01:04:32,727 - Knowledge - INFO - Fast-tracked /app/data/T0015/317351/b7037k2/Spring5-MVC-Hibernate5-SpringSecurity5-CRUD-317351/QuickFixer/src/main/java/com/umesh/myfixer/config/WebSecurityConfig.java (ext=.java, size=1770)
2026-02-07 01:04:32,807 - Knowledge - INFO - Worker kw6 processing /app/data/T0015/317351/b7037k2/Spring5-MVC-Hibernate5-SpringSecurity5-CRUD-317351/QuickFixer/src/main/java/com/umesh/myfixer/entity/Authorities.java
2026-02-07 01:04:32,887 - Knowledge - INFO - Batch sizing: calculated=5, max_allowed=10, queue=131, active_workers=6/8
2026-02-07 01:04:32,956 - Knowledge - INFO - [kw8] Queue=126, InProgress=0, PendingWorkers=6/8, Completed=0/156 (0.0%)
2026-02-07 01:04:33,078 - Knowledge - INFO - knowledge worker kw9 start
2026-02-07 01:04:33,078 - Knowledge - INFO - Worker kw10 created using shared MongoDB connection pool
2026-02-07 01:04:33,160 - Knowledge - INFO - Worker kw1 processing /app/data/T0015/317351/b7037k2/Spring5-MVC-Hibernate5-SpringSecurity5-CRUD-317351/QuickFixer/src/main/java/com/umesh/myfixer/controller/UserController.java
2026-02-07 01:04:33,281 - Knowledge - INFO - Fast-tracked /app/data/T0015/317351/b7037k2/Spring5-MVC-Hibernate5-SpringSecurity5-CRUD-317351/QuickFixer/src/main/java/com/umesh/myfixer/dao/AuthorityDAO.java (ext=.java, size=175)
2026-02-07 01:04:33,385 - Knowledge - INFO - Worker kw3 processing /app/data/T0015/317351/b7037k2/Spring5-MVC-Hibernate5-SpringSecurity5-CRUD-317351/QuickFixer/src/main/java/com/umesh/myfixer/services/AuthoritiesServiceImpl.java
2026-02-07 01:04:33,466 - Knowledge - INFO - Fast-tracked /app/data/T0015/317351/b7037k2/Spring5-MVC-Hibernate5-SpringSecurity5-CRUD-317351/QuickFixer/src/main/java/com/umesh/myfixer/services/TicketServiceImpl.java (ext=.java, size=1112)
2026-02-07 01:04:33,536 - Knowledge - INFO - Worker kw5 processing /app/data/T0015/317351/b7037k2/Spring5-MVC-Hibernate5-SpringSecurity5-CRUD-317351/QuickFixer/src/main/java/com/umesh/myfixer/config/SecurityWebApplicationInitializer.java
2026-02-07 01:04:33,628 - Knowledge - INFO - Fast-tracked /app/data/T0015/317351/b7037k2/Spring5-MVC-Hibernate5-SpringSecurity5-CRUD-317351/QuickFixer/src/main/java/com/umesh/myfixer/entity/Authorities.java (ext=.java, size=710)
2026-02-07 01:04:33,737 - Knowledge - INFO - Worker kw7 processing /app/data/T0015/317351/b7037k2/Spring5-MVC-Hibernate5-SpringSecurity5-CRUD-317351/QuickFixer/src/main/webapp/resources/scss/bootstrap/bootstrap-reboot.scss
2026-02-07 01:04:33,812 - Knowledge - INFO - Batch sizing: calculated=5, max_allowed=10, queue=126, active_workers=7/9
2026-02-07 01:04:33,894 - Knowledge - INFO - [kw9] Queue=121, InProgress=0, PendingWorkers=7/9, Completed=0/156 (0.0%)
2026-02-07 01:04:33,966 - Knowledge - INFO - knowledge worker kw10 start
2026-02-07 01:04:33,967 - Knowledge - INFO - Worker kw11 created using shared MongoDB connection pool
2026-02-07 01:04:34,071 - Knowledge - INFO - Fast-tracked /app/data/T0015/317351/b7037k2/Spring5-MVC-Hibernate5-SpringSecurity5-CRUD-317351/QuickFixer/src/main/java/com/umesh/myfixer/controller/MasterController.java (small file (2525 bytes))
2026-02-07 01:04:34,142 - Knowledge - INFO - Worker kw2 processing /app/data/T0015/317351/b7037k2/Spring5-MVC-Hibernate5-SpringSecurity5-CRUD-317351/QuickFixer/src/main/java/com/umesh/myfixer/dao/UserDAO.java
2026-02-07 01:04:34,209 - Knowledge - INFO - Fast-tracked /app/data/T0015/317351/b7037k2/Spring5-MVC-Hibernate5-SpringSecurity5-CRUD-317351/QuickFixer/src/main/java/com/umesh/myfixer/services/AuthoritiesServiceImpl.java (ext=.java, size=516)
2026-02-07 01:04:34,280 - Knowledge - INFO - Worker kw4 processing /app/data/T0015/317351/b7037k2/Spring5-MVC-Hibernate5-SpringSecurity5-CRUD-317351/QuickFixer/src/main/java/com/umesh/myfixer/config/HibernateConfig.java
2026-02-07 01:04:34,364 - Knowledge - INFO - Fast-tracked /app/data/T0015/317351/b7037k2/Spring5-MVC-Hibernate5-SpringSecurity5-CRUD-317351/QuickFixer/src/main/java/com/umesh/myfixer/config/SecurityWebApplicationInitializer.java (ext=.java, size=238)
2026-02-07 01:04:34,433 - Knowledge - INFO - Worker kw6 processing /app/data/T0015/317351/b7037k2/Spring5-MVC-Hibernate5-SpringSecurity5-CRUD-317351/QuickFixer/src/main/java/com/umesh/myfixer/entity/User.java
2026-02-07 01:04:34,525 - Knowledge - INFO - Fast-tracked /app/data/T0015/317351/b7037k2/Spring5-MVC-Hibernate5-SpringSecurity5-CRUD-317351/QuickFixer/src/main/webapp/resources/scss/bootstrap/bootstrap-reboot.scss (ext=.scss, size=410)
2026-02-07 01:04:34,631 - Knowledge - INFO - Worker kw8 processing /app/data/T0015/317351/b7037k2/Spring5-MVC-Hibernate5-SpringSecurity5-CRUD-317351/QuickFixer/src/main/webapp/resources/scss/bootstrap/mixins/_lists.scss
2026-02-07 01:04:34,767 - Knowledge - INFO - Batch sizing: calculated=5, max_allowed=10, queue=121, active_workers=8/10
2026-02-07 01:04:34,846 - Knowledge - INFO - [kw10] Queue=116, InProgress=0, PendingWorkers=8/10, Completed=0/156 (0.0%)
2026-02-07 01:04:34,936 - Knowledge - INFO - knowledge worker kw11 start
2026-02-07 01:04:34,937 - Knowledge - INFO - Worker kw12 created using shared MongoDB connection pool
2026-02-07 01:04:35,043 - Knowledge - INFO - Fast-tracked /app/data/T0015/317351/b7037k2/Spring5-MVC-Hibernate5-SpringSecurity5-CRUD-317351/QuickFixer/src/main/java/com/umesh/myfixer/controller/TicketController.java (small file (2520 bytes))
2026-02-07 01:04:35,107 - Knowledge - INFO - Fast-tracked /app/data/T0015/317351/b7037k2/Spring5-MVC-Hibernate5-SpringSecurity5-CRUD-317351/QuickFixer/src/main/java/com/umesh/myfixer/dao/UserDAO.java (ext=.java, size=337)
2026-02-07 01:04:35,203 - Knowledge - INFO - Worker kw3 processing /app/data/T0015/317351/b7037k2/Spring5-MVC-Hibernate5-SpringSecurity5-CRUD-317351/QuickFixer/src/main/java/com/umesh/myfixer/services/AuthoritiesService.java
2026-02-07 01:04:35,284 - Knowledge - INFO - Worker kw4 processing /app/data/T0015/317351/b7037k2/Spring5-MVC-Hibernate5-SpringSecurity5-CRUD-317351/QuickFixer/src/main/java/com/umesh/myfixer/config/WebConfig.java
2026-02-07 01:04:35,377 - Knowledge - INFO - Worker kw5 processing /app/data/T0015/317351/b7037k2/Spring5-MVC-Hibernate5-SpringSecurity5-CRUD-317351/QuickFixer/src/main/java/com/umesh/myfixer/utils/PasswordEncode.java
2026-02-07 01:04:35,467 - Knowledge - INFO - Fast-tracked /app/data/T0015/317351/b7037k2/Spring5-MVC-Hibernate5-SpringSecurity5-CRUD-317351/QuickFixer/src/main/java/com/umesh/myfixer/entity/User.java (ext=.java, size=1577)
2026-02-07 01:04:35,531 - Knowledge - INFO - Worker kw7 processing /app/data/T0015/317351/b7037k2/Spring5-MVC-Hibernate5-SpringSecurity5-CRUD-317351/QuickFixer/src/main/webapp/resources/scss/bootstrap/bootstrap.scss
2026-02-07 01:04:35,608 - Knowledge - INFO - Fast-tracked /app/data/T0015/317351/b7037k2/Spring5-MVC-Hibernate5-SpringSecurity5-CRUD-317351/QuickFixer/src/main/webapp/resources/scss/bootstrap/mixins/_lists.scss (ext=.scss, size=168)
2026-02-07 01:04:35,679 - Knowledge - INFO - Worker kw9 processing /app/data/T0015/317351/b7037k2/Spring5-MVC-Hibernate5-SpringSecurity5-CRUD-317351/QuickFixer/src/main/webapp/resources/scss/bootstrap/mixins/_image.scss
2026-02-07 01:04:35,778 - Knowledge - INFO - Batch sizing: calculated=5, max_allowed=10, queue=116, active_workers=9/11
2026-02-07 01:04:35,870 - Knowledge - INFO - [kw11] Queue=111, InProgress=0, PendingWorkers=9/11, Completed=0/156 (0.0%)
2026-02-07 01:04:35,963 - Knowledge - INFO - knowledge worker kw12 start
2026-02-07 01:04:35,963 - Knowledge - INFO - Worker kw13 created using shared MongoDB connection pool
2026-02-07 01:04:36,058 - Knowledge - INFO - Fast-tracked /app/data/T0015/317351/b7037k2/Spring5-MVC-Hibernate5-SpringSecurity5-CRUD-317351/QuickFixer/src/main/java/com/umesh/myfixer/controller/UserController.java (small file (2609 bytes))
2026-02-07 01:04:36,161 - Knowledge - INFO - Fast-tracked /app/data/T0015/317351/b7037k2/Spring5-MVC-Hibernate5-SpringSecurity5-CRUD-317351/QuickFixer/src/main/java/com/umesh/myfixer/dao/TicketDAOImpl.java (small file (2942 bytes))
2026-02-07 01:04:36,263 - Knowledge - INFO - Fast-tracked /app/data/T0015/317351/b7037k2/Spring5-MVC-Hibernate5-SpringSecurity5-CRUD-317351/QuickFixer/src/main/java/com/umesh/myfixer/services/AuthoritiesService.java (ext=.java, size=186)
2026-02-07 01:04:36,346 - Knowledge - INFO - Worker kw4 processing /app/data/T0015/317351/b7037k2/Spring5-MVC-Hibernate5-SpringSecurity5-CRUD-317351/QuickFixer/src/main/java/com/umesh/myfixer/config/MvcWebApplicationInitializer.java
2026-02-07 01:04:36,429 - Knowledge - INFO - Fast-tracked /app/data/T0015/317351/b7037k2/Spring5-MVC-Hibernate5-SpringSecurity5-CRUD-317351/QuickFixer/src/main/java/com/umesh/myfixer/utils/PasswordEncode.java (ext=.java, size=488)
2026-02-07 01:04:36,499 - Knowledge - INFO - Worker kw6 processing /app/data/T0015/317351/b7037k2/Spring5-MVC-Hibernate5-SpringSecurity5-CRUD-317351/QuickFixer/src/main/webapp/resources/scss/bootstrap.scss
2026-02-07 01:04:36,565 - Knowledge - INFO - Fast-tracked /app/data/T0015/317351/b7037k2/Spring5-MVC-Hibernate5-SpringSecurity5-CRUD-317351/QuickFixer/src/main/webapp/resources/scss/bootstrap/bootstrap.scss (ext=.scss, size=881)
2026-02-07 01:04:36,646 - Knowledge - INFO - Worker kw8 processing /app/data/T0015/317351/b7037k2/Spring5-MVC-Hibernate5-SpringSecurity5-CRUD-317351/QuickFixer/src/main/webapp/resources/scss/bootstrap/mixins/_transition.scss
2026-02-07 01:04:36,731 - Knowledge - INFO - Fast-tracked /app/data/T0015/317351/b7037k2/Spring5-MVC-Hibernate5-SpringSecurity5-CRUD-317351/QuickFixer/src/main/webapp/resources/scss/bootstrap/mixins/_image.scss (ext=.scss, size=1172)
2026-02-07 01:04:36,805 - Knowledge - INFO - Worker kw10 processing /app/data/T0015/317351/b7037k2/Spring5-MVC-Hibernate5-SpringSecurity5-CRUD-317351/QuickFixer/src/main/webapp/resources/scss/bootstrap/mixins/_reset-text.scss
2026-02-07 01:04:36,904 - Knowledge - INFO - Batch sizing: calculated=5, max_allowed=10, queue=111, active_workers=10/12
2026-02-07 01:04:36,985 - Knowledge - INFO - [kw12] Queue=106, InProgress=0, PendingWorkers=10/12, Completed=0/156 (0.0%)
2026-02-07 01:04:37,053 - Knowledge - INFO - knowledge worker kw13 start
2026-02-07 01:04:37,054 - Knowledge - INFO - Worker kw14 created using shared MongoDB connection pool
2026-02-07 01:04:37,125 - Knowledge - INFO - Processing batch of 5 files
2026-02-07 01:04:37,238 - Knowledge - INFO - Fast-tracked /app/data/T0015/317351/b7037k2/Spring5-MVC-Hibernate5-SpringSecurity5-CRUD-317351/QuickFixer/src/main/java/com/umesh/myfixer/dao/UserDAOImpl.java (small file (2898 bytes))
2026-02-07 01:04:37,344 - Knowledge - INFO - Worker kw3 processing /app/data/T0015/317351/b7037k2/Spring5-MVC-Hibernate5-SpringSecurity5-CRUD-317351/QuickFixer/src/main/java/com/umesh/myfixer/services/UserServiceImpl.java
2026-02-07 01:04:37,456 - Knowledge - INFO - Fast-tracked /app/data/T0015/317351/b7037k2/Spring5-MVC-Hibernate5-SpringSecurity5-CRUD-317351/QuickFixer/src/main/java/com/umesh/myfixer/config/MvcWebApplicationInitializer.java (ext=.java, size=617)
2026-02-07 01:04:37,575 - Knowledge - INFO - Worker kw5 processing /app/data/T0015/317351/b7037k2/Spring5-MVC-Hibernate5-SpringSecurity5-CRUD-317351/QuickFixer/src/main/java/com/umesh/myfixer/entity/Ticket.java
2026-02-07 01:04:37,695 - Knowledge - INFO - Fast-tracked /app/data/T0015/317351/b7037k2/Spring5-MVC-Hibernate5-SpringSecurity5-CRUD-317351/QuickFixer/src/main/webapp/resources/scss/bootstrap.scss (ext=.scss, size=1210)
2026-02-07 01:04:37,771 - Knowledge - INFO - Worker kw7 processing /app/data/T0015/317351/b7037k2/Spring5-MVC-Hibernate5-SpringSecurity5-CRUD-317351/QuickFixer/src/main/webapp/resources/scss/bootstrap/mixins/_forms.scss
2026-02-07 01:04:37,863 - Knowledge - INFO - Fast-tracked /app/data/T0015/317351/b7037k2/Spring5-MVC-Hibernate5-SpringSecurity5-CRUD-317351/QuickFixer/src/main/webapp/resources/scss/bootstrap/mixins/_transition.scss (ext=.scss, size=192)
2026-02-07 01:04:37,961 - Knowledge - INFO - Worker kw9 processing /app/data/T0015/317351/b7037k2/Spring5-MVC-Hibernate5-SpringSecurity5-CRUD-317351/QuickFixer/src/main/webapp/resources/scss/bootstrap/mixins/_nav-divider.scss
2026-02-07 01:04:38,034 - Knowledge - INFO - Fast-tracked /app/data/T0015/317351/b7037k2/Spring5-MVC-Hibernate5-SpringSecurity5-CRUD-317351/QuickFixer/src/main/webapp/resources/scss/bootstrap/mixins/_reset-text.scss (ext=.scss, size=547)
2026-02-07 01:04:38,124 - Knowledge - INFO - Worker kw11 processing /app/data/T0015/317351/b7037k2/Spring5-MVC-Hibernate5-SpringSecurity5-CRUD-317351/QuickFixer/src/main/webapp/resources/scss/bootstrap/mixins/_box-shadow.scss
2026-02-07 01:04:38,213 - Knowledge - INFO - Batch sizing: calculated=5, max_allowed=10, queue=106, active_workers=11/13
2026-02-07 01:04:38,315 - Knowledge - INFO - [kw13] Queue=101, InProgress=0, PendingWorkers=11/13, Completed=5/156 (3.2%)
2026-02-07 01:04:38,409 - Knowledge - INFO - knowledge worker kw14 start
2026-02-07 01:04:38,409 - Knowledge - INFO - Worker kw15 created using shared MongoDB connection pool
2026-02-07 01:04:38,517 - Knowledge - INFO - process ingested knowledge for /app/data/T0015/317351/b7037k2/Spring5-MVC-Hibernate5-SpringSecurity5-CRUD-317351/README.md
2026-02-07 01:04:38,629 - Knowledge - INFO - Processing batch of 5 files
2026-02-07 01:04:38,724 - Knowledge - INFO - Fast-tracked /app/data/T0015/317351/b7037k2/Spring5-MVC-Hibernate5-SpringSecurity5-CRUD-317351/QuickFixer/src/main/java/com/umesh/myfixer/services/UserServiceImpl.java (ext=.java, size=1052)
2026-02-07 01:04:38,820 - Knowledge - INFO - Fast-tracked /app/data/T0015/317351/b7037k2/Spring5-MVC-Hibernate5-SpringSecurity5-CRUD-317351/QuickFixer/src/main/java/com/umesh/myfixer/config/HibernateConfig.java (small file (2230 bytes))
2026-02-07 01:04:38,919 - Knowledge - INFO - Worker kw5 processing /app/data/T0015/317351/b7037k2/Spring5-MVC-Hibernate5-SpringSecurity5-CRUD-317351/QuickFixer/src/main/java/com/umesh/myfixer/entity/Address.java
2026-02-07 01:04:39,015 - Knowledge - INFO - Worker kw6 processing /app/data/T0015/317351/b7037k2/Spring5-MVC-Hibernate5-SpringSecurity5-CRUD-317351/QuickFixer/src/main/webapp/resources/scss/bootstrap/_forms.scss
2026-02-07 01:04:39,096 - Knowledge - INFO - Fast-tracked /app/data/T0015/317351/b7037k2/Spring5-MVC-Hibernate5-SpringSecurity5-CRUD-317351/QuickFixer/src/main/webapp/resources/scss/bootstrap/mixins/_forms.scss (ext=.scss, size=3199)
2026-02-07 01:04:39,185 - Knowledge - INFO - Worker kw8 processing /app/data/T0015/317351/b7037k2/Spring5-MVC-Hibernate5-SpringSecurity5-CRUD-317351/QuickFixer/src/main/webapp/resources/scss/bootstrap/mixins/_size.scss
2026-02-07 01:04:39,262 - Knowledge - INFO - Fast-tracked /app/data/T0015/317351/b7037k2/Spring5-MVC-Hibernate5-SpringSecurity5-CRUD-317351/QuickFixer/src/main/webapp/resources/scss/bootstrap/mixins/_nav-divider.scss (ext=.scss, size=220)
2026-02-07 01:04:39,351 - Knowledge - INFO - Worker kw10 processing /app/data/T0015/317351/b7037k2/Spring5-MVC-Hibernate5-SpringSecurity5-CRUD-317351/QuickFixer/src/main/webapp/resources/scss/bootstrap/mixins/_alert.scss
2026-02-07 01:04:39,446 - Knowledge - INFO - Fast-tracked /app/data/T0015/317351/b7037k2/Spring5-MVC-Hibernate5-SpringSecurity5-CRUD-317351/QuickFixer/src/main/webapp/resources/scss/bootstrap/mixins/_box-shadow.scss (ext=.scss, size=87)
2026-02-07 01:04:39,518 - Knowledge - INFO - Worker kw12 processing /app/data/T0015/317351/b7037k2/Spring5-MVC-Hibernate5-SpringSecurity5-CRUD-317351/QuickFixer/src/main/webapp/resources/scss/bootstrap/mixins/_breakpoints.scss
2026-02-07 01:04:39,613 - Knowledge - INFO - Batch sizing: calculated=5, max_allowed=10, queue=101, active_workers=12/14
2026-02-07 01:04:39,695 - Knowledge - INFO - [kw14] Queue=96, InProgress=0, PendingWorkers=12/14, Completed=10/156 (6.4%)
2026-02-07 01:04:39,767 - Knowledge - INFO - knowledge worker kw15 start
2026-02-07 01:04:39,768 - Knowledge - INFO - Worker kw16 created using shared MongoDB connection pool
2026-02-07 01:04:39,852 - Knowledge - INFO - process ingested knowledge for /app/data/T0015/317351/b7037k2/Spring5-MVC-Hibernate5-SpringSecurity5-CRUD-317351/QuickFixer/src/main/java/com/umesh/myfixer/security/UserDetailsServiceImp.java
2026-02-07 01:04:39,934 - Knowledge - INFO - process ingested knowledge for /app/data/T0015/317351/b7037k2/Spring5-MVC-Hibernate5-SpringSecurity5-CRUD-317351/QuickFixer/src/main/java/com/umesh/myfixer/dao/TicketDAO.java
2026-02-07 01:04:40,004 - Knowledge - INFO - Processing batch of 5 files
2026-02-07 01:04:40,103 - Knowledge - INFO - Fast-tracked /app/data/T0015/317351/b7037k2/Spring5-MVC-Hibernate5-SpringSecurity5-CRUD-317351/QuickFixer/src/main/java/com/umesh/myfixer/config/WebConfig.java (small file (1979 bytes))
2026-02-07 01:04:40,219 - Knowledge - INFO - Fast-tracked /app/data/T0015/317351/b7037k2/Spring5-MVC-Hibernate5-SpringSecurity5-CRUD-317351/QuickFixer/src/main/java/com/umesh/myfixer/entity/Address.java (ext=.java, size=1401)
2026-02-07 01:04:40,299 - Knowledge - INFO - Fast-tracked /app/data/T0015/317351/b7037k2/Spring5-MVC-Hibernate5-SpringSecurity5-CRUD-317351/QuickFixer/src/main/webapp/resources/scss/bootstrap/_forms.scss (ext=.scss, size=8766)
2026-02-07 01:04:40,413 - Knowledge - INFO - Worker kw7 processing /app/data/T0015/317351/b7037k2/Spring5-MVC-Hibernate5-SpringSecurity5-CRUD-317351/QuickFixer/src/main/webapp/resources/scss/bootstrap/mixins/_caret.scss
2026-02-07 01:04:40,495 - Knowledge - INFO - Fast-tracked /app/data/T0015/317351/b7037k2/Spring5-MVC-Hibernate5-SpringSecurity5-CRUD-317351/QuickFixer/src/main/webapp/resources/scss/bootstrap/mixins/_size.scss (ext=.scss, size=98)
2026-02-07 01:04:40,571 - Knowledge - INFO - Worker kw9 processing /app/data/T0015/317351/b7037k2/Spring5-MVC-Hibernate5-SpringSecurity5-CRUD-317351/QuickFixer/src/main/webapp/resources/scss/bootstrap/mixins/_gradients.scss
2026-02-07 01:04:40,687 - Knowledge - INFO - Fast-tracked /app/data/T0015/317351/b7037k2/Spring5-MVC-Hibernate5-SpringSecurity5-CRUD-317351/QuickFixer/src/main/webapp/resources/scss/bootstrap/mixins/_alert.scss (ext=.scss, size=242)
2026-02-07 01:04:40,753 - Knowledge - INFO - Worker kw11 processing /app/data/T0015/317351/b7037k2/Spring5-MVC-Hibernate5-SpringSecurity5-CRUD-317351/QuickFixer/src/main/webapp/resources/scss/bootstrap/mixins/_text-hide.scss
2026-02-07 01:04:40,830 - Knowledge - INFO - Fast-tracked /app/data/T0015/317351/b7037k2/Spring5-MVC-Hibernate5-SpringSecurity5-CRUD-317351/QuickFixer/src/main/webapp/resources/scss/bootstrap/mixins/_breakpoints.scss (ext=.scss, size=4468)
2026-02-07 01:04:40,911 - Knowledge - INFO - Worker kw13 processing /app/data/T0015/317351/b7037k2/Spring5-MVC-Hibernate5-SpringSecurity5-CRUD-317351/QuickFixer/src/main/webapp/resources/scss/bootstrap/mixins/_float.scss
2026-02-07 01:04:41,026 - Knowledge - INFO - Batch sizing: calculated=4, max_allowed=10, queue=96, active_workers=13/15
2026-02-07 01:04:41,104 - Knowledge - INFO - [kw15] Queue=91, InProgress=0, PendingWorkers=13/15, Completed=15/156 (9.6%)
2026-02-07 01:04:41,182 - Knowledge - INFO - knowledge worker kw16 start
2026-02-07 01:04:41,183 - Knowledge - INFO - Worker kw17 created using shared MongoDB connection pool
2026-02-07 01:04:41,255 - Knowledge - INFO - process ingested knowledge for /app/data/T0015/317351/b7037k2/Spring5-MVC-Hibernate5-SpringSecurity5-CRUD-317351/QuickFixer/src/main/java/com/umesh/myfixer/controller/MasterController.java
2026-02-07 01:04:41,338 - Knowledge - INFO - process ingested knowledge for /app/data/T0015/317351/b7037k2/Spring5-MVC-Hibernate5-SpringSecurity5-CRUD-317351/QuickFixer/src/main/java/com/umesh/myfixer/dao/TicketDAOImpl.java
2026-02-07 01:04:41,435 - Knowledge - INFO - process ingested knowledge for /app/data/T0015/317351/b7037k2/Spring5-MVC-Hibernate5-SpringSecurity5-CRUD-317351/QuickFixer/src/main/java/com/umesh/myfixer/dao/AuthoritiesDAOImpl.java
2026-02-07 01:04:41,502 - Knowledge - INFO - Processing batch of 5 files
2026-02-07 01:04:41,584 - Knowledge - INFO - Fast-tracked /app/data/T0015/317351/b7037k2/Spring5-MVC-Hibernate5-SpringSecurity5-CRUD-317351/QuickFixer/src/main/java/com/umesh/myfixer/entity/Ticket.java (small file (2141 bytes))
2026-02-07 01:04:41,653 - Knowledge - INFO - Worker kw6 processing /app/data/T0015/317351/b7037k2/Spring5-MVC-Hibernate5-SpringSecurity5-CRUD-317351/QuickFixer/src/main/webapp/resources/scss/bootstrap/_breadcrumb.scss
2026-02-07 01:04:41,741 - Knowledge - INFO - Fast-tracked /app/data/T0015/317351/b7037k2/Spring5-MVC-Hibernate5-SpringSecurity5-CRUD-317351/QuickFixer/src/main/webapp/resources/scss/bootstrap/mixins/_caret.scss (ext=.scss, size=1459)
2026-02-07 01:04:41,835 - Knowledge - INFO - Worker kw8 processing /app/data/T0015/317351/b7037k2/Spring5-MVC-Hibernate5-SpringSecurity5-CRUD-317351/QuickFixer/src/main/webapp/resources/scss/bootstrap/mixins/_border-radius.scss
2026-02-07 01:04:41,914 - Knowledge - INFO - Fast-tracked /app/data/T0015/317351/b7037k2/Spring5-MVC-Hibernate5-SpringSecurity5-CRUD-317351/QuickFixer/src/main/webapp/resources/scss/bootstrap/mixins/_gradients.scss (ext=.scss, size=2024)
2026-02-07 01:04:42,035 - Knowledge - INFO - Worker kw10 processing /app/data/T0015/317351/b7037k2/Spring5-MVC-Hibernate5-SpringSecurity5-CRUD-317351/QuickFixer/src/main/webapp/resources/scss/bootstrap/mixins/_text-truncate.scss
2026-02-07 01:04:42,136 - Knowledge - INFO - Fast-tracked /app/data/T0015/317351/b7037k2/Spring5-MVC-Hibernate5-SpringSecurity5-CRUD-317351/QuickFixer/src/main/webapp/resources/scss/bootstrap/mixins/_text-hide.scss (ext=.scss, size=231)
2026-02-07 01:04:42,212 - Knowledge - INFO - Worker kw12 processing /app/data/T0015/317351/b7037k2/Spring5-MVC-Hibernate5-SpringSecurity5-CRUD-317351/QuickFixer/src/main/webapp/resources/scss/bootstrap/mixins/_navbar-align.scss
2026-02-07 01:04:42,287 - Knowledge - INFO - Fast-tracked /app/data/T0015/317351/b7037k2/Spring5-MVC-Hibernate5-SpringSecurity5-CRUD-317351/QuickFixer/src/main/webapp/resources/scss/bootstrap/mixins/_float.scss (ext=.scss, size=193)
2026-02-07 01:04:42,369 - Knowledge - INFO - Worker kw14 processing /app/data/T0015/317351/b7037k2/Spring5-MVC-Hibernate5-SpringSecurity5-CRUD-317351/QuickFixer/src/main/webapp/resources/scss/bootstrap/_reboot.scss
2026-02-07 01:04:42,439 - Knowledge - INFO - Batch sizing: calculated=4, max_allowed=10, queue=91, active_workers=14/16
2026-02-07 01:04:42,518 - Knowledge - INFO - [kw16] Queue=87, InProgress=0, PendingWorkers=14/16, Completed=20/156 (12.8%)
2026-02-07 01:04:42,603 - Knowledge - INFO - knowledge worker kw17 start
2026-02-07 01:04:42,603 - Knowledge - INFO - Worker kw18 created using shared MongoDB connection pool
2026-02-07 01:04:42,669 - Knowledge - INFO - process ingested knowledge for /app/data/T0015/317351/b7037k2/Spring5-MVC-Hibernate5-SpringSecurity5-CRUD-317351/QuickFixer/src/main/java/com/umesh/myfixer/controller/TicketController.java
2026-02-07 01:04:42,782 - Knowledge - INFO - process ingested knowledge for /app/data/T0015/317351/b7037k2/Spring5-MVC-Hibernate5-SpringSecurity5-CRUD-317351/QuickFixer/src/main/java/com/umesh/myfixer/dao/UserDAOImpl.java
2026-02-07 01:04:42,841 - Knowledge - INFO - process ingested knowledge for /app/data/T0015/317351/b7037k2/Spring5-MVC-Hibernate5-SpringSecurity5-CRUD-317351/QuickFixer/src/main/java/com/umesh/myfixer/services/UserService.java
2026-02-07 01:04:42,949 - Knowledge - INFO - process ingested knowledge for /app/data/T0015/317351/b7037k2/Spring5-MVC-Hibernate5-SpringSecurity5-CRUD-317351/QuickFixer/src/main/java/com/umesh/myfixer/services/TicketService.java
2026-02-07 01:04:43,058 - Knowledge - INFO - Processing batch of 5 files
2026-02-07 01:04:43,158 - Knowledge - INFO - Fast-tracked /app/data/T0015/317351/b7037k2/Spring5-MVC-Hibernate5-SpringSecurity5-CRUD-317351/QuickFixer/src/main/webapp/resources/scss/bootstrap/_breadcrumb.scss (ext=.scss, size=1249)
2026-02-07 01:04:43,253 - Knowledge - INFO - Worker kw7 processing /app/data/T0015/317351/b7037k2/Spring5-MVC-Hibernate5-SpringSecurity5-CRUD-317351/QuickFixer/src/main/webapp/resources/scss/bootstrap/mixins/_buttons.scss
2026-02-07 01:04:43,336 - Knowledge - INFO - Fast-tracked /app/data/T0015/317351/b7037k2/Spring5-MVC-Hibernate5-SpringSecurity5-CRUD-317351/QuickFixer/src/main/webapp/resources/scss/bootstrap/mixins/_border-radius.scss (ext=.scss, size=722)
2026-02-07 01:04:43,428 - Knowledge - INFO - Worker kw9 processing /app/data/T0015/317351/b7037k2/Spring5-MVC-Hibernate5-SpringSecurity5-CRUD-317351/QuickFixer/src/main/webapp/resources/scss/bootstrap/mixins/_grid-framework.scss
2026-02-07 01:04:43,501 - Knowledge - INFO - Fast-tracked /app/data/T0015/317351/b7037k2/Spring5-MVC-Hibernate5-SpringSecurity5-CRUD-317351/QuickFixer/src/main/webapp/resources/scss/bootstrap/mixins/_text-truncate.scss (ext=.scss, size=168)
2026-02-07 01:04:43,584 - Knowledge - INFO - Worker kw11 processing /app/data/T0015/317351/b7037k2/Spring5-MVC-Hibernate5-SpringSecurity5-CRUD-317351/QuickFixer/src/main/webapp/resources/scss/bootstrap/mixins/_text-emphasis.scss
2026-02-07 01:04:43,685 - Knowledge - INFO - Fast-tracked /app/data/T0015/317351/b7037k2/Spring5-MVC-Hibernate5-SpringSecurity5-CRUD-317351/QuickFixer/src/main/webapp/resources/scss/bootstrap/mixins/_navbar-align.scss (ext=.scss, size=385)
2026-02-07 01:04:43,913 - Knowledge - INFO - Worker kw15 processing /app/data/T0015/317351/b7037k2/Spring5-MVC-Hibernate5-SpringSecurity5-CRUD-317351/QuickFixer/src/main/webapp/resources/scss/bootstrap/_popover.scss
2026-02-07 01:04:43,833 - Knowledge - INFO - Fast-tracked /app/data/T0015/317351/b7037k2/Spring5-MVC-Hibernate5-SpringSecurity5-CRUD-317351/QuickFixer/src/main/webapp/resources/scss/bootstrap/_reboot.scss (ext=.scss, size=11591)
2026-02-07 01:04:43,763 - Knowledge - INFO - Worker kw13 processing /app/data/T0015/317351/b7037k2/Spring5-MVC-Hibernate5-SpringSecurity5-CRUD-317351/QuickFixer/src/main/webapp/resources/scss/bootstrap/mixins/_list-group.scss
2026-02-07 01:04:44,004 - Knowledge - INFO - Batch sizing: calculated=4, max_allowed=10, queue=87, active_workers=15/17
2026-02-07 01:04:44,106 - Knowledge - INFO - [kw17] Queue=83, InProgress=0, PendingWorkers=15/17, Completed=25/156 (16.0%)
2026-02-07 01:04:44,215 - Knowledge - INFO - knowledge worker kw18 start
2026-02-07 01:04:44,215 - Knowledge - INFO - Worker kw19 created using shared MongoDB connection pool
2026-02-07 01:04:44,331 - Knowledge - INFO - process ingested knowledge for /app/data/T0015/317351/b7037k2/Spring5-MVC-Hibernate5-SpringSecurity5-CRUD-317351/QuickFixer/src/main/java/com/umesh/myfixer/controller/UserController.java
2026-02-07 01:04:44,405 - Knowledge - INFO - process ingested knowledge for /app/data/T0015/317351/b7037k2/Spring5-MVC-Hibernate5-SpringSecurity5-CRUD-317351/QuickFixer/src/main/java/com/umesh/myfixer/dao/AuthorityDAO.java
2026-02-07 01:04:44,504 - Knowledge - INFO - process ingested knowledge for /app/data/T0015/317351/b7037k2/Spring5-MVC-Hibernate5-SpringSecurity5-CRUD-317351/QuickFixer/src/main/java/com/umesh/myfixer/services/AuthoritiesServiceImpl.java
2026-02-07 01:04:44,585 - Knowledge - INFO - process ingested knowledge for /app/data/T0015/317351/b7037k2/Spring5-MVC-Hibernate5-SpringSecurity5-CRUD-317351/QuickFixer/src/main/java/com/umesh/myfixer/services/TicketServiceImpl.java
2026-02-07 01:04:44,654 - Knowledge - INFO - process ingested knowledge for /app/data/T0015/317351/b7037k2/Spring5-MVC-Hibernate5-SpringSecurity5-CRUD-317351/QuickFixer/src/main/java/com/umesh/myfixer/config/WebSecurityConfig.java
2026-02-07 01:04:44,736 - Knowledge - INFO - Processing batch of 5 files
2026-02-07 01:04:44,844 - Knowledge - INFO - Fast-tracked /app/data/T0015/317351/b7037k2/Spring5-MVC-Hibernate5-SpringSecurity5-CRUD-317351/QuickFixer/src/main/webapp/resources/scss/bootstrap/mixins/_buttons.scss (ext=.scss, size=3182)
2026-02-07 01:04:44,927 - Knowledge - INFO - Worker kw8 processing /app/data/T0015/317351/b7037k2/Spring5-MVC-Hibernate5-SpringSecurity5-CRUD-317351/QuickFixer/src/main/webapp/resources/scss/bootstrap/mixins/_badge.scss
2026-02-07 01:04:45,038 - Knowledge - INFO - Fast-tracked /app/data/T0015/317351/b7037k2/Spring5-MVC-Hibernate5-SpringSecurity5-CRUD-317351/QuickFixer/src/main/webapp/resources/scss/bootstrap/mixins/_grid-framework.scss (ext=.scss, size=1899)
2026-02-07 01:04:45,144 - Knowledge - INFO - Worker kw10 processing /app/data/T0015/317351/b7037k2/Spring5-MVC-Hibernate5-SpringSecurity5-CRUD-317351/QuickFixer/src/main/webapp/resources/scss/bootstrap/mixins/_visibility.scss
2026-02-07 01:04:45,216 - Knowledge - INFO - Fast-tracked /app/data/T0015/317351/b7037k2/Spring5-MVC-Hibernate5-SpringSecurity5-CRUD-317351/QuickFixer/src/main/webapp/resources/scss/bootstrap/mixins/_text-emphasis.scss (ext=.scss, size=259)
2026-02-07 01:04:45,321 - Knowledge - INFO - Worker kw12 processing /app/data/T0015/317351/b7037k2/Spring5-MVC-Hibernate5-SpringSecurity5-CRUD-317351/QuickFixer/src/main/webapp/resources/scss/bootstrap/mixins/_resize.scss
2026-02-07 01:04:45,429 - Knowledge - INFO - Fast-tracked /app/data/T0015/317351/b7037k2/Spring5-MVC-Hibernate5-SpringSecurity5-CRUD-317351/QuickFixer/src/main/webapp/resources/scss/bootstrap/_popover.scss (ext=.scss, size=4536)
2026-02-07 01:04:45,512 - Knowledge - INFO - Worker kw14 processing /app/data/T0015/317351/b7037k2/Spring5-MVC-Hibernate5-SpringSecurity5-CRUD-317351/QuickFixer/src/main/webapp/resources/scss/bootstrap/_tooltip.scss
2026-02-07 01:04:45,595 - Knowledge - INFO - Fast-tracked /app/data/T0015/317351/b7037k2/Spring5-MVC-Hibernate5-SpringSecurity5-CRUD-317351/QuickFixer/src/main/webapp/resources/scss/bootstrap/mixins/_list-group.scss (ext=.scss, size=429)
2026-02-07 01:04:45,690 - Knowledge - INFO - Worker kw16 processing /app/data/T0015/317351/b7037k2/Spring5-MVC-Hibernate5-SpringSecurity5-CRUD-317351/QuickFixer/src/main/webapp/resources/scss/bootstrap/utilities/_borders.scss
2026-02-07 01:04:45,760 - Knowledge - INFO - Batch sizing: calculated=4, max_allowed=10, queue=83, active_workers=16/18
2026-02-07 01:04:45,841 - Knowledge - INFO - [kw18] Queue=79, InProgress=0, PendingWorkers=16/18, Completed=30/156 (19.2%)
2026-02-07 01:04:45,938 - Knowledge - INFO - knowledge worker kw19 start
2026-02-07 01:04:45,938 - Knowledge - INFO - Worker kw20 created using shared MongoDB connection pool
2026-02-07 01:04:46,170 - Knowledge - INFO - process ingested knowledge for /app/data/T0015/317351/b7037k2/Spring5-MVC-Hibernate5-SpringSecurity5-CRUD-317351/QuickFixer/src/main/java/com/umesh/myfixer/dao/UserDAO.java
2026-02-07 01:04:46,249 - Knowledge - INFO - process ingested knowledge for /app/data/T0015/317351/b7037k2/Spring5-MVC-Hibernate5-SpringSecurity5-CRUD-317351/QuickFixer/src/main/java/com/umesh/myfixer/services/AuthoritiesService.java
2026-02-07 01:04:46,333 - Knowledge - INFO - process ingested knowledge for /app/data/T0015/317351/b7037k2/Spring5-MVC-Hibernate5-SpringSecurity5-CRUD-317351/QuickFixer/src/main/java/com/umesh/myfixer/config/HibernateConfig.java
2026-02-07 01:04:46,416 - Knowledge - INFO - process ingested knowledge for /app/data/T0015/317351/b7037k2/Spring5-MVC-Hibernate5-SpringSecurity5-CRUD-317351/QuickFixer/src/main/java/com/umesh/myfixer/config/SecurityWebApplicationInitializer.java
2026-02-07 01:04:46,434 - Knowledge - INFO - process ingested knowledge for /app/data/T0015/317351/b7037k2/Spring5-MVC-Hibernate5-SpringSecurity5-CRUD-317351/QuickFixer/src/main/java/com/umesh/myfixer/entity/Authorities.java
2026-02-07 01:04:46,442 - Knowledge - INFO - [WEBSOCKET] Sent: Type=progress_update, Size: 290, Duration: 0ms
2026-02-07 01:04:46,625 - Knowledge - INFO - Fast-tracked /app/data/T0015/317351/b7037k2/Spring5-MVC-Hibernate5-SpringSecurity5-CRUD-317351/QuickFixer/src/main/webapp/resources/scss/bootstrap/mixins/_badge.scss (ext=.scss, size=230)
2026-02-07 01:04:46,696 - Knowledge - INFO - Worker kw9 processing /app/data/T0015/317351/b7037k2/Spring5-MVC-Hibernate5-SpringSecurity5-CRUD-317351/QuickFixer/src/main/webapp/resources/scss/bootstrap/mixins/_table-row.scss
2026-02-07 01:04:46,792 - Knowledge - INFO - Fast-tracked /app/data/T0015/317351/b7037k2/Spring5-MVC-Hibernate5-SpringSecurity5-CRUD-317351/QuickFixer/src/main/webapp/resources/scss/bootstrap/mixins/_visibility.scss (ext=.scss, size=134)
2026-02-07 01:04:46,884 - Knowledge - INFO - Worker kw11 processing /app/data/T0015/317351/b7037k2/Spring5-MVC-Hibernate5-SpringSecurity5-CRUD-317351/QuickFixer/src/main/webapp/resources/scss/bootstrap/mixins/_hover.scss
2026-02-07 01:04:46,992 - Knowledge - INFO - Fast-tracked /app/data/T0015/317351/b7037k2/Spring5-MVC-Hibernate5-SpringSecurity5-CRUD-317351/QuickFixer/src/main/webapp/resources/scss/bootstrap/mixins/_resize.scss (ext=.scss, size=202)
2026-02-07 01:04:47,073 - Knowledge - INFO - Worker kw15 processing /app/data/T0015/317351/b7037k2/Spring5-MVC-Hibernate5-SpringSecurity5-CRUD-317351/QuickFixer/src/main/webapp/resources/scss/bootstrap/_badge.scss
2026-02-07 01:04:47,169 - Knowledge - INFO - Fast-tracked /app/data/T0015/317351/b7037k2/Spring5-MVC-Hibernate5-SpringSecurity5-CRUD-317351/QuickFixer/src/main/webapp/resources/scss/bootstrap/_tooltip.scss (ext=.scss, size=2503)
2026-02-07 01:04:47,282 - Knowledge - INFO - Worker kw13 processing /app/data/T0015/317351/b7037k2/Spring5-MVC-Hibernate5-SpringSecurity5-CRUD-317351/QuickFixer/src/main/webapp/resources/scss/bootstrap/mixins/_grid.scss
2026-02-07 01:04:47,367 - Knowledge - INFO - Fast-tracked /app/data/T0015/317351/b7037k2/Spring5-MVC-Hibernate5-SpringSecurity5-CRUD-317351/QuickFixer/src/main/webapp/resources/scss/bootstrap/utilities/_borders.scss (ext=.scss, size=1551)
2026-02-07 01:04:47,560 - Knowledge - INFO - Batch sizing: calculated=4, max_allowed=10, queue=79, active_workers=17/19
2026-02-07 01:04:47,638 - Knowledge - INFO - [kw19] Queue=75, InProgress=0, PendingWorkers=17/19, Completed=35/156 (22.4%)
2026-02-07 01:04:47,714 - Knowledge - INFO - knowledge worker kw20 start
2026-02-07 01:04:47,926 - Knowledge - INFO - process ingested knowledge for /app/data/T0015/317351/b7037k2/Spring5-MVC-Hibernate5-SpringSecurity5-CRUD-317351/QuickFixer/src/main/java/com/umesh/myfixer/services/UserServiceImpl.java
2026-02-07 01:04:48,000 - Knowledge - INFO - process ingested knowledge for /app/data/T0015/317351/b7037k2/Spring5-MVC-Hibernate5-SpringSecurity5-CRUD-317351/QuickFixer/src/main/java/com/umesh/myfixer/config/WebConfig.java
2026-02-07 01:04:48,086 - Knowledge - INFO - process ingested knowledge for /app/data/T0015/317351/b7037k2/Spring5-MVC-Hibernate5-SpringSecurity5-CRUD-317351/QuickFixer/src/main/java/com/umesh/myfixer/utils/PasswordEncode.java
2026-02-07 01:04:48,173 - Knowledge - INFO - process ingested knowledge for /app/data/T0015/317351/b7037k2/Spring5-MVC-Hibernate5-SpringSecurity5-CRUD-317351/QuickFixer/src/main/java/com/umesh/myfixer/entity/User.java
2026-02-07 01:04:48,218 - Knowledge - INFO - Processing batch of 5 files
2026-02-07 01:04:48,218 - Knowledge - INFO - Worker kw17 processing /app/data/T0015/317351/b7037k2/Spring5-MVC-Hibernate5-SpringSecurity5-CRUD-317351/QuickFixer/src/main/webapp/resources/scss/bootstrap/utilities/_position.scss
2026-02-07 01:04:48,218 - Knowledge - INFO - [WEBSOCKET] Sent: Type=unknown, Size: ?, Duration: 1776ms
2026-02-07 01:04:48,367 - Knowledge - INFO - Fast-tracked /app/data/T0015/317351/b7037k2/Spring5-MVC-Hibernate5-SpringSecurity5-CRUD-317351/QuickFixer/src/main/webapp/resources/scss/bootstrap/mixins/_table-row.scss (ext=.scss, size=647)
2026-02-07 01:04:48,473 - Knowledge - INFO - Worker kw10 processing /app/data/T0015/317351/b7037k2/Spring5-MVC-Hibernate5-SpringSecurity5-CRUD-317351/QuickFixer/src/main/webapp/resources/scss/bootstrap/mixins/_screen-reader.scss
2026-02-07 01:04:48,556 - Knowledge - INFO - Fast-tracked /app/data/T0015/317351/b7037k2/Spring5-MVC-Hibernate5-SpringSecurity5-CRUD-317351/QuickFixer/src/main/webapp/resources/scss/bootstrap/mixins/_hover.scss (ext=.scss, size=783)
2026-02-07 01:04:48,671 - Knowledge - INFO - Worker kw12 processing /app/data/T0015/317351/b7037k2/Spring5-MVC-Hibernate5-SpringSecurity5-CRUD-317351/QuickFixer/src/main/webapp/resources/scss/bootstrap/mixins/_background-variant.scss
2026-02-07 01:04:48,754 - Knowledge - INFO - Fast-tracked /app/data/T0015/317351/b7037k2/Spring5-MVC-Hibernate5-SpringSecurity5-CRUD-317351/QuickFixer/src/main/webapp/resources/scss/bootstrap/_badge.scss (ext=.scss, size=982)
2026-02-07 01:04:48,829 - Knowledge - INFO - Worker kw14 processing /app/data/T0015/317351/b7037k2/Spring5-MVC-Hibernate5-SpringSecurity5-CRUD-317351/QuickFixer/src/main/webapp/resources/scss/bootstrap/_code.scss
2026-02-07 01:04:48,945 - Knowledge - INFO - Fast-tracked /app/data/T0015/317351/b7037k2/Spring5-MVC-Hibernate5-SpringSecurity5-CRUD-317351/QuickFixer/src/main/webapp/resources/scss/bootstrap/mixins/_grid.scss (ext=.scss, size=1606)
2026-02-07 01:04:49,020 - Knowledge - INFO - Worker kw16 processing /app/data/T0015/317351/b7037k2/Spring5-MVC-Hibernate5-SpringSecurity5-CRUD-317351/QuickFixer/src/main/webapp/resources/scss/bootstrap/utilities/_embed.scss
2026-02-07 01:04:49,206 - Knowledge - INFO - Batch sizing: calculated=4, max_allowed=10, queue=75, active_workers=18/20
2026-02-07 01:04:49,283 - Knowledge - INFO - [kw20] Queue=71, InProgress=0, PendingWorkers=18/20, Completed=40/156 (25.6%)
2026-02-07 01:04:49,492 - Knowledge - INFO - process ingested knowledge for /app/data/T0015/317351/b7037k2/Spring5-MVC-Hibernate5-SpringSecurity5-CRUD-317351/QuickFixer/src/main/java/com/umesh/myfixer/config/MvcWebApplicationInitializer.java
2026-02-07 01:04:49,636 - Knowledge - INFO - process ingested knowledge for /app/data/T0015/317351/b7037k2/Spring5-MVC-Hibernate5-SpringSecurity5-CRUD-317351/QuickFixer/src/main/java/com/umesh/myfixer/entity/Ticket.java
2026-02-07 01:04:49,666 - Knowledge - INFO - process ingested knowledge for /app/data/T0015/317351/b7037k2/Spring5-MVC-Hibernate5-SpringSecurity5-CRUD-317351/QuickFixer/src/main/webapp/resources/scss/bootstrap.scss
2026-02-07 01:04:49,781 - Knowledge - INFO - process ingested knowledge for /app/data/T0015/317351/b7037k2/Spring5-MVC-Hibernate5-SpringSecurity5-CRUD-317351/QuickFixer/src/main/webapp/resources/scss/bootstrap/bootstrap-reboot.scss
2026-02-07 01:04:49,857 - Knowledge - INFO - Fast-tracked /app/data/T0015/317351/b7037k2/Spring5-MVC-Hibernate5-SpringSecurity5-CRUD-317351/QuickFixer/src/main/webapp/resources/scss/bootstrap/utilities/_position.scss (ext=.scss, size=614)
2026-02-07 01:04:49,947 - Knowledge - INFO - Progress: 19.2% | Files: 40/156 | Rate: 1.55 files/sec | Queue: 71
2026-02-07 01:04:49,947 - Knowledge - INFO - Processing batch of 5 files
2026-02-07 01:04:49,948 - Knowledge - INFO - Worker kw18 processing /app/data/T0015/317351/b7037k2/Spring5-MVC-Hibernate5-SpringSecurity5-CRUD-317351/QuickFixer/src/main/webapp/resources/scss/bootstrap/utilities/_clearfix.scss
2026-02-07 01:04:49,948 - Knowledge - INFO - [WEBSOCKET] Sent: Type=progress_update, Size: 291, Duration: 1ms
2026-02-07 01:04:50,111 - Knowledge - INFO - Fast-tracked /app/data/T0015/317351/b7037k2/Spring5-MVC-Hibernate5-SpringSecurity5-CRUD-317351/QuickFixer/src/main/webapp/resources/scss/bootstrap/mixins/_screen-reader.scss (ext=.scss, size=778)
2026-02-07 01:04:50,176 - Knowledge - INFO - Worker kw11 processing /app/data/T0015/317351/b7037k2/Spring5-MVC-Hibernate5-SpringSecurity5-CRUD-317351/QuickFixer/src/main/webapp/resources/scss/bootstrap/mixins/_pagination.scss
2026-02-07 01:04:50,278 - Knowledge - INFO - Fast-tracked /app/data/T0015/317351/b7037k2/Spring5-MVC-Hibernate5-SpringSecurity5-CRUD-317351/QuickFixer/src/main/webapp/resources/scss/bootstrap/mixins/_background-variant.scss (ext=.scss, size=474)
2026-02-07 01:04:50,371 - Knowledge - INFO - Worker kw15 processing /app/data/T0015/317351/b7037k2/Spring5-MVC-Hibernate5-SpringSecurity5-CRUD-317351/QuickFixer/src/main/webapp/resources/scss/bootstrap/utilities/_flex.scss
2026-02-07 01:04:51,658 - Knowledge - INFO - [kw4] Queue=67, InProgress=0, PendingWorkers=19/20, Completed=45/156 (28.8%)
2026-02-07 01:04:50,529 - Knowledge - INFO - Worker kw13 processing /app/data/T0015/317351/b7037k2/Spring5-MVC-Hibernate5-SpringSecurity5-CRUD-317351/QuickFixer/src/main/webapp/resources/scss/bootstrap/_custom-forms.scss
2026-02-07 01:04:50,645 - Knowledge - INFO - Fast-tracked /app/data/T0015/317351/b7037k2/Spring5-MVC-Hibernate5-SpringSecurity5-CRUD-317351/QuickFixer/src/main/webapp/resources/scss/bootstrap/utilities/_embed.scss (ext=.scss, size=727)
2026-02-07 01:04:50,808 - Knowledge - INFO - Batch sizing: calculated=4, max_allowed=10, queue=71, active_workers=19/20
2026-02-07 01:04:51,018 - Knowledge - INFO - process ingested knowledge for /app/data/T0015/317351/b7037k2/Spring5-MVC-Hibernate5-SpringSecurity5-CRUD-317351/QuickFixer/src/main/java/com/umesh/myfixer/entity/Address.java
2026-02-07 01:04:51,098 - Knowledge - INFO - process ingested knowledge for /app/data/T0015/317351/b7037k2/Spring5-MVC-Hibernate5-SpringSecurity5-CRUD-317351/QuickFixer/src/main/webapp/resources/scss/bootstrap/_forms.scss
2026-02-07 01:04:51,179 - Knowledge - INFO - process ingested knowledge for /app/data/T0015/317351/b7037k2/Spring5-MVC-Hibernate5-SpringSecurity5-CRUD-317351/QuickFixer/src/main/webapp/resources/scss/bootstrap/bootstrap.scss
2026-02-07 01:04:51,271 - Knowledge - INFO - Worker kw17 processing /app/data/T0015/317351/b7037k2/Spring5-MVC-Hibernate5-SpringSecurity5-CRUD-317351/QuickFixer/src/main/webapp/resources/scss/bootstrap/utilities/_visibility.scss
2026-02-07 01:04:51,368 - Knowledge - INFO - [kw1] Queue=67, InProgress=0, PendingWorkers=19/20, Completed=45/156 (28.8%)
2026-02-07 01:04:51,454 - Knowledge - INFO - process ingested knowledge for /app/data/T0015/317351/b7037k2/Spring5-MVC-Hibernate5-SpringSecurity5-CRUD-317351/QuickFixer/src/main/webapp/resources/scss/bootstrap/mixins/_lists.scss
2026-02-07 01:04:51,539 - Knowledge - INFO - Fast-tracked /app/data/T0015/317351/b7037k2/Spring5-MVC-Hibernate5-SpringSecurity5-CRUD-317351/QuickFixer/src/main/webapp/resources/scss/bootstrap/utilities/_clearfix.scss (ext=.scss, size=37)
2026-02-07 01:04:51,656 - Knowledge - INFO - Processing batch of 5 files
2026-02-07 01:04:51,657 - Knowledge - INFO - Worker kw19 processing /app/data/T0015/317351/b7037k2/Spring5-MVC-Hibernate5-SpringSecurity5-CRUD-317351/QuickFixer/src/main/webapp/resources/scss/bootstrap/_variables.scss
2026-02-07 01:04:51,659 - Knowledge - INFO - [WEBSOCKET] Sent: Type=unknown, Size: ?, Duration: 1712ms
2026-02-07 01:04:50,446 - Knowledge - INFO - Fast-tracked /app/data/T0015/317351/b7037k2/Spring5-MVC-Hibernate5-SpringSecurity5-CRUD-317351/QuickFixer/src/main/webapp/resources/scss/bootstrap/_code.scss (ext=.scss, size=1065)
2026-02-07 01:04:51,852 - Knowledge - INFO - Fast-tracked /app/data/T0015/317351/b7037k2/Spring5-MVC-Hibernate5-SpringSecurity5-CRUD-317351/QuickFixer/src/main/webapp/resources/scss/bootstrap/mixins/_pagination.scss (ext=.scss, size=453)
2026-02-07 01:04:51,961 - Knowledge - INFO - Worker kw12 processing /app/data/T0015/317351/b7037k2/Spring5-MVC-Hibernate5-SpringSecurity5-CRUD-317351/QuickFixer/src/main/webapp/resources/scss/bootstrap/mixins/_clearfix.scss
2026-02-07 01:04:52,054 - Knowledge - INFO - Fast-tracked /app/data/T0015/317351/b7037k2/Spring5-MVC-Hibernate5-SpringSecurity5-CRUD-317351/QuickFixer/src/main/webapp/resources/scss/bootstrap/utilities/_flex.scss (ext=.scss, size=2458)
2026-02-07 01:04:52,141 - Knowledge - INFO - Batch sizing: calculated=4, max_allowed=10, queue=67, active_workers=19/20
2026-02-07 01:04:52,232 - Knowledge - INFO - Fast-tracked /app/data/T0015/317351/b7037k2/Spring5-MVC-Hibernate5-SpringSecurity5-CRUD-317351/QuickFixer/src/main/webapp/resources/scss/bootstrap/_custom-forms.scss (ext=.scss, size=7797)
2026-02-07 01:04:52,310 - Knowledge - INFO - Worker kw16 processing /app/data/T0015/317351/b7037k2/Spring5-MVC-Hibernate5-SpringSecurity5-CRUD-317351/QuickFixer/src/main/webapp/resources/scss/bootstrap/utilities/_text.scss
2026-02-07 01:04:52,628 - Knowledge - INFO - process ingested knowledge for /app/data/T0015/317351/b7037k2/Spring5-MVC-Hibernate5-SpringSecurity5-CRUD-317351/QuickFixer/src/main/webapp/resources/scss/bootstrap/_breadcrumb.scss
2026-02-07 01:04:52,703 - Knowledge - INFO - process ingested knowledge for /app/data/T0015/317351/b7037k2/Spring5-MVC-Hibernate5-SpringSecurity5-CRUD-317351/QuickFixer/src/main/webapp/resources/scss/bootstrap/mixins/_forms.scss
2026-02-07 01:04:52,789 - Knowledge - INFO - Fast-tracked /app/data/T0015/317351/b7037k2/Spring5-MVC-Hibernate5-SpringSecurity5-CRUD-317351/QuickFixer/src/main/webapp/resources/scss/bootstrap/utilities/_visibility.scss (ext=.scss, size=121)
2026-02-07 01:04:52,867 - Knowledge - INFO - Batch sizing: calculated=4, max_allowed=10, queue=67, active_workers=20/20
2026-02-07 01:04:52,962 - Knowledge - INFO - process ingested knowledge for /app/data/T0015/317351/b7037k2/Spring5-MVC-Hibernate5-SpringSecurity5-CRUD-317351/QuickFixer/src/main/webapp/resources/scss/bootstrap/mixins/_transition.scss
2026-02-07 01:04:53,041 - Knowledge - INFO - Worker kw18 processing /app/data/T0015/317351/b7037k2/Spring5-MVC-Hibernate5-SpringSecurity5-CRUD-317351/QuickFixer/src/main/webapp/resources/scss/bootstrap/utilities/_float.scss
2026-02-07 01:04:53,140 - Knowledge - INFO - process ingested knowledge for /app/data/T0015/317351/b7037k2/Spring5-MVC-Hibernate5-SpringSecurity5-CRUD-317351/QuickFixer/src/main/webapp/resources/scss/bootstrap/mixins/_image.scss
2026-02-07 01:04:53,207 - Knowledge - INFO - Fast-tracked /app/data/T0015/317351/b7037k2/Spring5-MVC-Hibernate5-SpringSecurity5-CRUD-317351/QuickFixer/src/main/webapp/resources/scss/bootstrap/_variables.scss (ext=.scss, size=35747)
2026-02-07 01:04:53,297 - Knowledge - INFO - Progress: 25.6% | Files: 50/156 | Rate: 1.70 files/sec | Queue: 63
2026-02-07 01:04:53,298 - Knowledge - INFO - [WEBSOCKET] Sent: Type=progress_update, Size: 290, Duration: 0ms
2026-02-07 01:04:53,408 - Knowledge - INFO - Worker kw14 processing /app/data/T0015/317351/b7037k2/Spring5-MVC-Hibernate5-SpringSecurity5-CRUD-317351/QuickFixer/src/main/webapp/resources/scss/bootstrap/_tables.scss
2026-02-07 01:04:53,586 - Knowledge - INFO - Fast-tracked /app/data/T0015/317351/b7037k2/Spring5-MVC-Hibernate5-SpringSecurity5-CRUD-317351/QuickFixer/src/main/webapp/resources/scss/bootstrap/mixins/_clearfix.scss (ext=.scss, size=93)
2026-02-07 01:04:53,686 - Knowledge - INFO - Worker kw15 processing /app/data/T0015/317351/b7037k2/Spring5-MVC-Hibernate5-SpringSecurity5-CRUD-317351/QuickFixer/src/main/webapp/resources/scss/bootstrap/utilities/_align.scss
2026-02-07 01:04:53,872 - Knowledge - INFO - Worker kw13 processing /app/data/T0015/317351/b7037k2/Spring5-MVC-Hibernate5-SpringSecurity5-CRUD-317351/QuickFixer/src/main/webapp/resources/scss/bootstrap/_buttons.scss
2026-02-07 01:04:53,965 - Knowledge - INFO - Fast-tracked /app/data/T0015/317351/b7037k2/Spring5-MVC-Hibernate5-SpringSecurity5-CRUD-317351/QuickFixer/src/main/webapp/resources/scss/bootstrap/utilities/_text.scss (ext=.scss, size=1338)
2026-02-07 01:04:54,198 - Knowledge - INFO - process ingested knowledge for /app/data/T0015/317351/b7037k2/Spring5-MVC-Hibernate5-SpringSecurity5-CRUD-317351/QuickFixer/src/main/webapp/resources/scss/bootstrap/mixins/_caret.scss
2026-02-07 01:04:54,282 - Knowledge - INFO - Worker kw17 processing /app/data/T0015/317351/b7037k2/Spring5-MVC-Hibernate5-SpringSecurity5-CRUD-317351/QuickFixer/src/main/webapp/resources/scss/bootstrap/utilities/_background.scss
2026-02-07 01:04:54,430 - Knowledge - INFO - process ingested knowledge for /app/data/T0015/317351/b7037k2/Spring5-MVC-Hibernate5-SpringSecurity5-CRUD-317351/QuickFixer/src/main/webapp/resources/scss/bootstrap/mixins/_size.scss
2026-02-07 01:04:54,506 - Knowledge - INFO - Fast-tracked /app/data/T0015/317351/b7037k2/Spring5-MVC-Hibernate5-SpringSecurity5-CRUD-317351/QuickFixer/src/main/webapp/resources/scss/bootstrap/utilities/_float.scss (ext=.scss, size=320)
2026-02-07 01:04:54,605 - Knowledge - INFO - process ingested knowledge for /app/data/T0015/317351/b7037k2/Spring5-MVC-Hibernate5-SpringSecurity5-CRUD-317351/QuickFixer/src/main/webapp/resources/scss/bootstrap/mixins/_nav-divider.scss
2026-02-07 01:04:54,684 - Knowledge - INFO - Worker kw19 processing /app/data/T0015/317351/b7037k2/Spring5-MVC-Hibernate5-SpringSecurity5-CRUD-317351/QuickFixer/src/main/webapp/resources/scss/bootstrap/_functions.scss
2026-02-07 01:04:54,756 - Knowledge - INFO - [kw2] Queue=55, InProgress=0, PendingWorkers=20/20, Completed=55/156 (35.3%)
2026-02-07 01:04:54,846 - Knowledge - INFO - Processing batch of 5 files
2026-02-07 01:04:54,846 - Knowledge - INFO - Worker kw20 processing /app/data/T0015/317351/b7037k2/Spring5-MVC-Hibernate5-SpringSecurity5-CRUD-317351/QuickFixer/src/main/webapp/resources/scss/bootstrap/_dropdown.scss
2026-02-07 01:04:54,846 - Knowledge - INFO - Processing batch of 5 files
2026-02-07 01:04:54,847 - Knowledge - INFO - Async storing batch of 5 embeddings
2026-02-07 01:04:54,847 - Knowledge - INFO - Async storing batch of 5 embeddings
2026-02-07 01:04:54,847 - Knowledge - INFO - [kw5] Queue=55, InProgress=0, PendingWorkers=20/20, Completed=55/156 (35.3%)
2026-02-07 01:04:54,847 - Knowledge - INFO - [WEBSOCKET] Sent: Type=unknown, Size: ?, Duration: 1549ms
2026-02-07 01:04:54,913 - Knowledge - INFO - Fast-tracked /app/data/T0015/317351/b7037k2/Spring5-MVC-Hibernate5-SpringSecurity5-CRUD-317351/QuickFixer/src/main/webapp/resources/scss/bootstrap/_tables.scss (ext=.scss, size=3426)
2026-02-07 01:04:55,115 - Knowledge - INFO - Fast-tracked /app/data/T0015/317351/b7037k2/Spring5-MVC-Hibernate5-SpringSecurity5-CRUD-317351/QuickFixer/src/main/webapp/resources/scss/bootstrap/utilities/_align.scss (ext=.scss, size=420)
2026-02-07 01:04:55,210 - Knowledge - INFO - Fast-tracked /app/data/T0015/317351/b7037k2/Spring5-MVC-Hibernate5-SpringSecurity5-CRUD-317351/QuickFixer/src/main/webapp/resources/scss/bootstrap/_buttons.scss (ext=.scss, size=2714)
2026-02-07 01:04:55,283 - Knowledge - INFO - Worker kw16 processing /app/data/T0015/317351/b7037k2/Spring5-MVC-Hibernate5-SpringSecurity5-CRUD-317351/QuickFixer/src/main/webapp/resources/scss/bootstrap/utilities/_spacing.scss
2026-02-07 01:04:55,354 - Knowledge - INFO - process ingested knowledge for /app/data/T0015/317351/b7037k2/Spring5-MVC-Hibernate5-SpringSecurity5-CRUD-317351/QuickFixer/src/main/webapp/resources/scss/bootstrap/mixins/_buttons.scss
2026-02-07 01:04:55,449 - Knowledge - INFO - Fast-tracked /app/data/T0015/317351/b7037k2/Spring5-MVC-Hibernate5-SpringSecurity5-CRUD-317351/QuickFixer/src/main/webapp/resources/scss/bootstrap/utilities/_background.scss (ext=.scss, size=397)
2026-02-07 01:04:55,527 - Knowledge - INFO - process ingested knowledge for /app/data/T0015/317351/b7037k2/Spring5-MVC-Hibernate5-SpringSecurity5-CRUD-317351/QuickFixer/src/main/webapp/resources/scss/bootstrap/mixins/_border-radius.scss
2026-02-07 01:04:55,596 - Knowledge - INFO - Worker kw18 processing /app/data/T0015/317351/b7037k2/Spring5-MVC-Hibernate5-SpringSecurity5-CRUD-317351/QuickFixer/src/main/webapp/resources/scss/bootstrap/utilities/_screenreaders.scss
2026-02-07 01:04:55,674 - Knowledge - INFO - process ingested knowledge for /app/data/T0015/317351/b7037k2/Spring5-MVC-Hibernate5-SpringSecurity5-CRUD-317351/QuickFixer/src/main/webapp/resources/scss/bootstrap/mixins/_gradients.scss
2026-02-07 01:04:55,766 - Knowledge - INFO - Fast-tracked /app/data/T0015/317351/b7037k2/Spring5-MVC-Hibernate5-SpringSecurity5-CRUD-317351/QuickFixer/src/main/webapp/resources/scss/bootstrap/_functions.scss (ext=.scss, size=2657)
2026-02-07 01:04:55,848 - Knowledge - INFO - Batch sizing: calculated=4, max_allowed=10, queue=55, active_workers=20/20
2026-02-07 01:04:55,947 - Knowledge - INFO - process ingested knowledge for /app/data/T0015/317351/b7037k2/Spring5-MVC-Hibernate5-SpringSecurity5-CRUD-317351/QuickFixer/src/main/webapp/resources/scss/bootstrap/mixins/_reset-text.scss
2026-02-07 01:04:56,050 - Knowledge - INFO - Fast-tracked /app/data/T0015/317351/b7037k2/Spring5-MVC-Hibernate5-SpringSecurity5-CRUD-317351/QuickFixer/src/main/webapp/resources/scss/bootstrap/_dropdown.scss (ext=.scss, size=3092)
2026-02-07 01:04:56,132 - Knowledge - INFO - process ingested knowledge for /app/data/T0015/317351/b7037k2/Spring5-MVC-Hibernate5-SpringSecurity5-CRUD-317351/QuickFixer/src/main/webapp/resources/scss/bootstrap/mixins/_box-shadow.scss
2026-02-07 01:04:56,213 - Knowledge - INFO - Worker kw4 processing /app/data/T0015/317351/b7037k2/Spring5-MVC-Hibernate5-SpringSecurity5-CRUD-317351/QuickFixer/src/main/webapp/resources/scss/bootstrap/_alert.scss
2026-02-07 01:04:56,330 - Knowledge - INFO - Worker kw1 processing /app/data/T0015/317351/b7037k2/Spring5-MVC-Hibernate5-SpringSecurity5-CRUD-317351/QuickFixer/src/main/webapp/resources/scss/bootstrap/_root.scss
2026-02-07 01:04:56,404 - Knowledge - INFO - Batch sizing: calculated=4, max_allowed=10, queue=55, active_workers=20/20
2026-02-07 01:04:56,492 - Knowledge - INFO - Progress: 32.1% | Files: 60/156 | Rate: 1.84 files/sec | Queue: 55
2026-02-07 01:04:56,493 - Knowledge - INFO - [WEBSOCKET] Sent: Type=progress_update, Size: 291, Duration: 0ms
2026-02-07 01:04:56,852 - Knowledge - INFO - Fast-tracked /app/data/T0015/317351/b7037k2/Spring5-MVC-Hibernate5-SpringSecurity5-CRUD-317351/QuickFixer/src/main/webapp/resources/scss/bootstrap/utilities/_spacing.scss (ext=.scss, size=1406)
2026-02-07 01:04:57,002 - Knowledge - INFO - Worker kw17 processing /app/data/T0015/317351/b7037k2/Spring5-MVC-Hibernate5-SpringSecurity5-CRUD-317351/QuickFixer/src/main/webapp/resources/scss/bootstrap/utilities/_sizing.scss
2026-02-07 01:04:57,149 - Knowledge - INFO - process ingested knowledge for /app/data/T0015/317351/b7037k2/Spring5-MVC-Hibernate5-SpringSecurity5-CRUD-317351/QuickFixer/src/main/webapp/resources/scss/bootstrap/mixins/_badge.scss
2026-02-07 01:04:57,212 - Knowledge - INFO - Fast-tracked /app/data/T0015/317351/b7037k2/Spring5-MVC-Hibernate5-SpringSecurity5-CRUD-317351/QuickFixer/src/main/webapp/resources/scss/bootstrap/utilities/_screenreaders.scss (ext=.scss, size=115)
2026-02-07 01:04:57,314 - Knowledge - INFO - process ingested knowledge for /app/data/T0015/317351/b7037k2/Spring5-MVC-Hibernate5-SpringSecurity5-CRUD-317351/QuickFixer/src/main/webapp/resources/scss/bootstrap/mixins/_grid-framework.scss
2026-02-07 01:04:57,417 - Knowledge - INFO - Worker kw19 processing /app/data/T0015/317351/b7037k2/Spring5-MVC-Hibernate5-SpringSecurity5-CRUD-317351/QuickFixer/src/main/webapp/resources/scss/bootstrap/_modal.scss
2026-02-07 01:04:57,613 - Knowledge - INFO - process ingested knowledge for /app/data/T0015/317351/b7037k2/Spring5-MVC-Hibernate5-SpringSecurity5-CRUD-317351/QuickFixer/src/main/webapp/resources/scss/bootstrap/mixins/_alert.scss
2026-02-07 01:04:57,722 - Knowledge - INFO - Worker kw20 processing /app/data/T0015/317351/b7037k2/Spring5-MVC-Hibernate5-SpringSecurity5-CRUD-317351/QuickFixer/src/main/webapp/resources/scss/bootstrap/_nav.scss
2026-02-07 01:04:57,832 - Knowledge - INFO - process ingested knowledge for /app/data/T0015/317351/b7037k2/Spring5-MVC-Hibernate5-SpringSecurity5-CRUD-317351/QuickFixer/src/main/webapp/resources/scss/bootstrap/mixins/_text-hide.scss
2026-02-07 01:04:57,903 - Knowledge - INFO - Fast-tracked /app/data/T0015/317351/b7037k2/Spring5-MVC-Hibernate5-SpringSecurity5-CRUD-317351/QuickFixer/src/main/webapp/resources/scss/bootstrap/_alert.scss (ext=.scss, size=1150)
2026-02-07 01:04:57,997 - Knowledge - INFO - Fast-tracked /app/data/T0015/317351/b7037k2/Spring5-MVC-Hibernate5-SpringSecurity5-CRUD-317351/QuickFixer/src/main/webapp/resources/scss/bootstrap/_root.scss (ext=.scss, size=572)
2026-02-07 01:04:58,198 - Knowledge - INFO - [kw3] Queue=47, InProgress=0, PendingWorkers=20/20, Completed=73/156 (46.8%)
2026-02-07 01:04:58,268 - Knowledge - INFO - Processing batch of 5 files
2026-02-07 01:04:58,268 - Knowledge - INFO - Processing batch of 4 files
2026-02-07 01:04:58,268 - Knowledge - INFO - Processing batch of 4 files
2026-02-07 01:04:58,269 - Knowledge - INFO - Processing batch of 5 files
2026-02-07 01:04:58,270 - Knowledge - INFO - Async storing batch of 5 embeddings
2026-02-07 01:04:58,270 - Knowledge - INFO - Async storing batch of 5 embeddings
2026-02-07 01:04:58,270 - Knowledge - INFO - [WEBSOCKET] Sent: Type=unknown, Size: ?, Duration: 1777ms
2026-02-07 01:04:58,456 - Knowledge - INFO - Fast-tracked /app/data/T0015/317351/b7037k2/Spring5-MVC-Hibernate5-SpringSecurity5-CRUD-317351/QuickFixer/src/main/webapp/resources/scss/bootstrap/utilities/_sizing.scss (ext=.scss, size=298)
2026-02-07 01:04:58,635 - Knowledge - INFO - Worker kw18 processing /app/data/T0015/317351/b7037k2/Spring5-MVC-Hibernate5-SpringSecurity5-CRUD-317351/QuickFixer/src/main/webapp/resources/scss/bootstrap/utilities/_display.scss
2026-02-07 01:04:58,723 - Knowledge - INFO - process ingested knowledge for /app/data/T0015/317351/b7037k2/Spring5-MVC-Hibernate5-SpringSecurity5-CRUD-317351/QuickFixer/src/main/webapp/resources/scss/bootstrap/mixins/_table-row.scss
2026-02-07 01:04:58,770 - Knowledge - INFO - Fast-tracked /app/data/T0015/317351/b7037k2/Spring5-MVC-Hibernate5-SpringSecurity5-CRUD-317351/QuickFixer/src/main/webapp/resources/scss/bootstrap/_modal.scss (ext=.scss, size=4623)
2026-02-07 01:04:58,903 - Knowledge - INFO - process ingested knowledge for /app/data/T0015/317351/b7037k2/Spring5-MVC-Hibernate5-SpringSecurity5-CRUD-317351/QuickFixer/src/main/webapp/resources/scss/bootstrap/mixins/_text-truncate.scss
2026-02-07 01:04:58,956 - Knowledge - INFO - Fast-tracked /app/data/T0015/317351/b7037k2/Spring5-MVC-Hibernate5-SpringSecurity5-CRUD-317351/QuickFixer/src/main/webapp/resources/scss/bootstrap/_nav.scss (ext=.scss, size=2022)
2026-02-07 01:04:59,039 - Knowledge - INFO - process ingested knowledge for /app/data/T0015/317351/b7037k2/Spring5-MVC-Hibernate5-SpringSecurity5-CRUD-317351/QuickFixer/src/main/webapp/resources/scss/bootstrap/mixins/_text-emphasis.scss
2026-02-07 01:04:59,123 - Knowledge - INFO - Worker kw4 processing /app/data/T0015/317351/b7037k2/Spring5-MVC-Hibernate5-SpringSecurity5-CRUD-317351/QuickFixer/src/main/webapp/resources/scss/bootstrap/_media.scss
2026-02-07 01:04:59,199 - Knowledge - INFO - Worker kw1 processing /app/data/T0015/317351/b7037k2/Spring5-MVC-Hibernate5-SpringSecurity5-CRUD-317351/QuickFixer/src/main/webapp/resources/scss/bootstrap/_input-group.scss
2026-02-07 01:04:59,270 - Knowledge - INFO - Batch sizing: calculated=4, max_allowed=10, queue=47, active_workers=20/20
2026-02-07 01:04:59,411 - Knowledge - INFO - process ingested knowledge for /app/data/T0015/317351/b7037k2/Spring5-MVC-Hibernate5-SpringSecurity5-CRUD-317351/QuickFixer/src/main/webapp/resources/scss/bootstrap/mixins/_breakpoints.scss
2026-02-07 01:04:59,502 - Knowledge - INFO - process ingested knowledge for /app/data/T0015/317351/b7037k2/Spring5-MVC-Hibernate5-SpringSecurity5-CRUD-317351/QuickFixer/src/main/webapp/resources/scss/bootstrap/_reboot.scss
2026-02-07 01:04:59,598 - Knowledge - INFO - process ingested knowledge for /app/data/T0015/317351/b7037k2/Spring5-MVC-Hibernate5-SpringSecurity5-CRUD-317351/QuickFixer/src/main/webapp/resources/scss/bootstrap/_popover.scss
2026-02-07 01:04:59,692 - Knowledge - INFO - process ingested knowledge for /app/data/T0015/317351/b7037k2/Spring5-MVC-Hibernate5-SpringSecurity5-CRUD-317351/QuickFixer/src/main/webapp/resources/scss/bootstrap/mixins/_float.scss
2026-02-07 01:04:59,776 - Knowledge - INFO - Worker kw2 processing /app/data/T0015/317351/b7037k2/Spring5-MVC-Hibernate5-SpringSecurity5-CRUD-317351/QuickFixer/src/main/webapp/resources/scss/bootstrap/_navbar.scss
2026-02-07 01:04:59,859 - Knowledge - INFO - Worker kw5 processing /app/data/T0015/317351/b7037k2/Spring5-MVC-Hibernate5-SpringSecurity5-CRUD-317351/QuickFixer/src/main/webapp/resources/scss/bootstrap/_transitions.scss
2026-02-07 01:04:59,971 - Knowledge - INFO - Progress: 38.5% | Files: 77/156 | Rate: 2.15 files/sec | Queue: 47
2026-02-07 01:04:59,971 - Knowledge - INFO - Processing batch of 4 files
2026-02-07 01:04:59,971 - Knowledge - INFO - [WEBSOCKET] Sent: Type=progress_update, Size: 289, Duration: 0ms
2026-02-07 01:05:00,182 - Knowledge - INFO - Fast-tracked /app/data/T0015/317351/b7037k2/Spring5-MVC-Hibernate5-SpringSecurity5-CRUD-317351/QuickFixer/src/main/webapp/resources/scss/bootstrap/utilities/_display.scss (ext=.scss, size=1409)
2026-02-07 01:05:00,417 - Knowledge - INFO - Worker kw19 processing /app/data/T0015/317351/b7037k2/Spring5-MVC-Hibernate5-SpringSecurity5-CRUD-317351/QuickFixer/src/main/webapp/resources/scss/bootstrap/_print.scss
2026-02-07 01:05:00,546 - Knowledge - INFO - process ingested knowledge for /app/data/T0015/317351/b7037k2/Spring5-MVC-Hibernate5-SpringSecurity5-CRUD-317351/QuickFixer/src/main/webapp/resources/scss/bootstrap/mixins/_visibility.scss
2026-02-07 01:05:00,582 - Knowledge - INFO - Worker kw20 processing /app/data/T0015/317351/b7037k2/Spring5-MVC-Hibernate5-SpringSecurity5-CRUD-317351/QuickFixer/src/main/webapp/resources/scss/bootstrap/_progress.scss
2026-02-07 01:05:00,742 - Knowledge - INFO - process ingested knowledge for /app/data/T0015/317351/b7037k2/Spring5-MVC-Hibernate5-SpringSecurity5-CRUD-317351/QuickFixer/src/main/webapp/resources/scss/bootstrap/mixins/_hover.scss
2026-02-07 01:05:00,775 - Knowledge - INFO - Fast-tracked /app/data/T0015/317351/b7037k2/Spring5-MVC-Hibernate5-SpringSecurity5-CRUD-317351/QuickFixer/src/main/webapp/resources/scss/bootstrap/_media.scss (ext=.scss, size=83)
2026-02-07 01:05:00,884 - Knowledge - INFO - Fast-tracked /app/data/T0015/317351/b7037k2/Spring5-MVC-Hibernate5-SpringSecurity5-CRUD-317351/QuickFixer/src/main/webapp/resources/scss/bootstrap/_input-group.scss (ext=.scss, size=4864)
2026-02-07 01:05:01,057 - Knowledge - INFO - process ingested knowledge for /app/data/T0015/317351/b7037k2/Spring5-MVC-Hibernate5-SpringSecurity5-CRUD-317351/QuickFixer/src/main/webapp/resources/scss/bootstrap/mixins/_navbar-align.scss
2026-02-07 01:05:01,134 - Knowledge - INFO - process ingested knowledge for /app/data/T0015/317351/b7037k2/Spring5-MVC-Hibernate5-SpringSecurity5-CRUD-317351/QuickFixer/src/main/webapp/resources/scss/bootstrap/_tooltip.scss
2026-02-07 01:05:01,205 - Knowledge - INFO - process ingested knowledge for /app/data/T0015/317351/b7037k2/Spring5-MVC-Hibernate5-SpringSecurity5-CRUD-317351/QuickFixer/src/main/webapp/resources/scss/bootstrap/_badge.scss
2026-02-07 01:05:01,325 - Knowledge - INFO - process ingested knowledge for /app/data/T0015/317351/b7037k2/Spring5-MVC-Hibernate5-SpringSecurity5-CRUD-317351/QuickFixer/src/main/webapp/resources/scss/bootstrap/mixins/_list-group.scss
2026-02-07 01:05:01,441 - Knowledge - INFO - Fast-tracked /app/data/T0015/317351/b7037k2/Spring5-MVC-Hibernate5-SpringSecurity5-CRUD-317351/QuickFixer/src/main/webapp/resources/scss/bootstrap/_navbar.scss (ext=.scss, size=6781)
2026-02-07 01:05:01,520 - Knowledge - INFO - Fast-tracked /app/data/T0015/317351/b7037k2/Spring5-MVC-Hibernate5-SpringSecurity5-CRUD-317351/QuickFixer/src/main/webapp/resources/scss/bootstrap/_transitions.scss (ext=.scss, size=452)
2026-02-07 01:05:01,611 - Knowledge - INFO - [kw6] Queue=43, InProgress=0, PendingWorkers=20/20, Completed=81/156 (51.9%)
2026-02-07 01:05:01,694 - Knowledge - INFO - process ingested knowledge for /app/data/T0015/317351/b7037k2/Spring5-MVC-Hibernate5-SpringSecurity5-CRUD-317351/QuickFixer/src/main/webapp/resources/scss/bootstrap/utilities/_borders.scss
2026-02-07 01:05:01,782 - Knowledge - INFO - [kw8] Queue=43, InProgress=0, PendingWorkers=20/20, Completed=81/156 (51.9%)
2026-02-07 01:05:01,782 - Knowledge - INFO - Processing batch of 4 files
2026-02-07 01:05:01,783 - Knowledge - INFO - Async storing batch of 5 embeddings
2026-02-07 01:05:01,783 - Knowledge - INFO - [kw9] Queue=43, InProgress=0, PendingWorkers=20/20, Completed=81/156 (51.9%)
2026-02-07 01:05:01,783 - Knowledge - INFO - [WEBSOCKET] Sent: Type=unknown, Size: ?, Duration: 1812ms
2026-02-07 01:05:01,990 - Knowledge - INFO - Fast-tracked /app/data/T0015/317351/b7037k2/Spring5-MVC-Hibernate5-SpringSecurity5-CRUD-317351/QuickFixer/src/main/webapp/resources/scss/bootstrap/_print.scss (ext=.scss, size=2768)
2026-02-07 01:05:02,066 - Knowledge - INFO - process ingested knowledge for /app/data/T0015/317351/b7037k2/Spring5-MVC-Hibernate5-SpringSecurity5-CRUD-317351/QuickFixer/src/main/webapp/resources/scss/bootstrap/mixins/_screen-reader.scss
2026-02-07 01:05:02,157 - Knowledge - INFO - Fast-tracked /app/data/T0015/317351/b7037k2/Spring5-MVC-Hibernate5-SpringSecurity5-CRUD-317351/QuickFixer/src/main/webapp/resources/scss/bootstrap/_progress.scss (ext=.scss, size=841)
2026-02-07 01:05:02,251 - Knowledge - INFO - process ingested knowledge for /app/data/T0015/317351/b7037k2/Spring5-MVC-Hibernate5-SpringSecurity5-CRUD-317351/QuickFixer/src/main/webapp/resources/scss/bootstrap/mixins/_pagination.scss
2026-02-07 01:05:02,347 - Knowledge - INFO - Worker kw4 processing /app/data/T0015/317351/b7037k2/Spring5-MVC-Hibernate5-SpringSecurity5-CRUD-317351/QuickFixer/src/main/webapp/resources/scss/bootstrap/_jumbotron.scss
2026-02-07 01:05:02,456 - Knowledge - INFO - Worker kw1 processing /app/data/T0015/317351/b7037k2/Spring5-MVC-Hibernate5-SpringSecurity5-CRUD-317351/QuickFixer/src/main/webapp/resources/scss/bootstrap/_pagination.scss
2026-02-07 01:05:02,522 - Knowledge - INFO - process ingested knowledge for /app/data/T0015/317351/b7037k2/Spring5-MVC-Hibernate5-SpringSecurity5-CRUD-317351/QuickFixer/src/main/webapp/resources/scss/bootstrap/mixins/_resize.scss
2026-02-07 01:05:02,600 - Knowledge - INFO - process ingested knowledge for /app/data/T0015/317351/b7037k2/Spring5-MVC-Hibernate5-SpringSecurity5-CRUD-317351/QuickFixer/src/main/webapp/resources/scss/bootstrap/_code.scss
2026-02-07 01:05:02,667 - Knowledge - INFO - process ingested knowledge for /app/data/T0015/317351/b7037k2/Spring5-MVC-Hibernate5-SpringSecurity5-CRUD-317351/QuickFixer/src/main/webapp/resources/scss/bootstrap/utilities/_flex.scss
2026-02-07 01:05:02,767 - Knowledge - INFO - process ingested knowledge for /app/data/T0015/317351/b7037k2/Spring5-MVC-Hibernate5-SpringSecurity5-CRUD-317351/QuickFixer/src/main/webapp/resources/scss/bootstrap/mixins/_grid.scss
2026-02-07 01:05:02,846 - Knowledge - INFO - Worker kw2 processing /app/data/T0015/317351/b7037k2/Spring5-MVC-Hibernate5-SpringSecurity5-CRUD-317351/QuickFixer/src/main/webapp/resources/scss/bootstrap/bootstrap-grid.scss
2026-02-07 01:05:02,934 - Knowledge - INFO - Worker kw5 processing /app/data/T0015/317351/b7037k2/Spring5-MVC-Hibernate5-SpringSecurity5-CRUD-317351/QuickFixer/src/main/webapp/resources/scss/bootstrap/_close.scss
2026-02-07 01:05:03,005 - Knowledge - INFO - Batch sizing: calculated=4, max_allowed=10, queue=43, active_workers=20/20
2026-02-07 01:05:03,086 - Knowledge - INFO - process ingested knowledge for /app/data/T0015/317351/b7037k2/Spring5-MVC-Hibernate5-SpringSecurity5-CRUD-317351/QuickFixer/src/main/webapp/resources/scss/bootstrap/utilities/_embed.scss
2026-02-07 01:05:03,170 - Knowledge - INFO - Batch sizing: calculated=4, max_allowed=10, queue=43, active_workers=20/20
2026-02-07 01:05:03,277 - Knowledge - INFO - process ingested knowledge for /app/data/T0015/317351/b7037k2/Spring5-MVC-Hibernate5-SpringSecurity5-CRUD-317351/QuickFixer/src/main/webapp/resources/scss/bootstrap/utilities/_position.scss
2026-02-07 01:05:03,346 - Knowledge - INFO - Worker kw3 processing /app/data/T0015/317351/b7037k2/Spring5-MVC-Hibernate5-SpringSecurity5-CRUD-317351/QuickFixer/src/main/webapp/resources/scss/bootstrap/_grid.scss
2026-02-07 01:05:03,421 - Knowledge - INFO - Batch sizing: calculated=4, max_allowed=10, queue=43, active_workers=20/20
2026-02-07 01:05:03,526 - Knowledge - INFO - Progress: 49.4% | Files: 85/156 | Rate: 2.16 files/sec | Queue: 43
2026-02-07 01:05:03,526 - Knowledge - INFO - Processing batch of 4 files
2026-02-07 01:05:03,614 - Knowledge - INFO - Processing batch of 4 files
2026-02-07 01:05:03,798 - Knowledge - INFO - Worker kw20 processing /app/data/T0015/317351/b7037k2/Spring5-MVC-Hibernate5-SpringSecurity5-CRUD-317351/QuickFixer/src/main/webapp/resources/scss/bootstrap/_mixins.scss
2026-02-07 01:05:04,033 - Knowledge - INFO - Fast-tracked /app/data/T0015/317351/b7037k2/Spring5-MVC-Hibernate5-SpringSecurity5-CRUD-317351/QuickFixer/src/main/webapp/resources/scss/bootstrap/_jumbotron.scss (ext=.scss, size=378)
2026-02-07 01:05:04,111 - Knowledge - INFO - Fast-tracked /app/data/T0015/317351/b7037k2/Spring5-MVC-Hibernate5-SpringSecurity5-CRUD-317351/QuickFixer/src/main/webapp/resources/scss/bootstrap/_pagination.scss (ext=.scss, size=1834)
2026-02-07 01:05:04,266 - Knowledge - INFO - process ingested knowledge for /app/data/T0015/317351/b7037k2/Spring5-MVC-Hibernate5-SpringSecurity5-CRUD-317351/QuickFixer/src/main/webapp/resources/scss/bootstrap/mixins/_background-variant.scss
2026-02-07 01:05:04,415 - Knowledge - INFO - process ingested knowledge for /app/data/T0015/317351/b7037k2/Spring5-MVC-Hibernate5-SpringSecurity5-CRUD-317351/QuickFixer/src/main/webapp/resources/scss/bootstrap/_tables.scss
2026-02-07 01:05:04,415 - Knowledge - INFO - [WEBSOCKET] Sent: Type=progress_update, Size: 271, Duration: 0ms
2026-02-07 01:05:04,415 - Knowledge - INFO - process ingested knowledge for /app/data/T0015/317351/b7037k2/Spring5-MVC-Hibernate5-SpringSecurity5-CRUD-317351/QuickFixer/src/main/webapp/resources/scss/bootstrap/utilities/_align.scss
2026-02-07 01:05:04,512 - Knowledge - INFO - process ingested knowledge for /app/data/T0015/317351/b7037k2/Spring5-MVC-Hibernate5-SpringSecurity5-CRUD-317351/QuickFixer/src/main/webapp/resources/scss/bootstrap/_custom-forms.scss
2026-02-07 01:05:04,596 - Knowledge - INFO - Fast-tracked /app/data/T0015/317351/b7037k2/Spring5-MVC-Hibernate5-SpringSecurity5-CRUD-317351/QuickFixer/src/main/webapp/resources/scss/bootstrap/bootstrap-grid.scss (ext=.scss, size=648)
2026-02-07 01:05:04,704 - Knowledge - INFO - Fast-tracked /app/data/T0015/317351/b7037k2/Spring5-MVC-Hibernate5-SpringSecurity5-CRUD-317351/QuickFixer/src/main/webapp/resources/scss/bootstrap/_close.scss (ext=.scss, size=860)
2026-02-07 01:05:04,900 - Knowledge - INFO - process ingested knowledge for /app/data/T0015/317351/b7037k2/Spring5-MVC-Hibernate5-SpringSecurity5-CRUD-317351/QuickFixer/src/main/webapp/resources/scss/bootstrap/utilities/_text.scss
2026-02-07 01:05:05,039 - Knowledge - INFO - process ingested knowledge for /app/data/T0015/317351/b7037k2/Spring5-MVC-Hibernate5-SpringSecurity5-CRUD-317351/QuickFixer/src/main/webapp/resources/scss/bootstrap/utilities/_visibility.scss
2026-02-07 01:05:05,126 - Knowledge - INFO - Fast-tracked /app/data/T0015/317351/b7037k2/Spring5-MVC-Hibernate5-SpringSecurity5-CRUD-317351/QuickFixer/src/main/webapp/resources/scss/bootstrap/_grid.scss (ext=.scss, size=1016)
2026-02-07 01:05:05,310 - Knowledge - INFO - [kw7] Queue=31, InProgress=0, PendingWorkers=20/20, Completed=89/156 (57.1%)
2026-02-07 01:05:05,389 - Knowledge - INFO - process ingested knowledge for /app/data/T0015/317351/b7037k2/Spring5-MVC-Hibernate5-SpringSecurity5-CRUD-317351/QuickFixer/src/main/webapp/resources/scss/bootstrap/utilities/_clearfix.scss
2026-02-07 01:05:05,457 - Knowledge - INFO - process ingested knowledge for /app/data/T0015/317351/b7037k2/Spring5-MVC-Hibernate5-SpringSecurity5-CRUD-317351/QuickFixer/src/main/webapp/resources/scss/bootstrap/_variables.scss
2026-02-07 01:05:05,539 - Knowledge - INFO - Fast-tracked /app/data/T0015/317351/b7037k2/Spring5-MVC-Hibernate5-SpringSecurity5-CRUD-317351/QuickFixer/src/main/webapp/resources/scss/bootstrap/_mixins.scss (ext=.scss, size=1018)
2026-02-07 01:05:05,613 - Knowledge - INFO - Worker kw4 processing /app/data/T0015/317351/b7037k2/Spring5-MVC-Hibernate5-SpringSecurity5-CRUD-317351/QuickFixer/src/main/webapp/resources/scss/bootstrap/_utilities.scss
2026-02-07 01:05:05,700 - Knowledge - INFO - Worker kw1 processing /app/data/T0015/317351/b7037k2/Spring5-MVC-Hibernate5-SpringSecurity5-CRUD-317351/QuickFixer/src/main/webapp/resources/scss/bootstrap/_card.scss
2026-02-07 01:05:05,776 - Knowledge - INFO - process ingested knowledge for /app/data/T0015/317351/b7037k2/Spring5-MVC-Hibernate5-SpringSecurity5-CRUD-317351/QuickFixer/src/main/webapp/resources/scss/bootstrap/mixins/_clearfix.scss
2026-02-07 01:05:05,956 - Knowledge - INFO - Async storing batch of 5 embeddings
2026-02-07 01:05:05,958 - Knowledge - INFO - Async storing batch of 5 embeddings
2026-02-07 01:05:05,958 - Knowledge - INFO - Async storing batch of 5 embeddings
2026-02-07 01:05:05,958 - Knowledge - INFO - [WEBSOCKET] Sent: Type=unknown, Size: ?, Duration: 1543ms
2026-02-07 01:05:05,964 - Knowledge - INFO - [kw11] Queue=31, InProgress=0, PendingWorkers=20/20, Completed=89/156 (57.1%)
2026-02-07 01:05:06,211 - Knowledge - INFO - process ingested knowledge for /app/data/T0015/317351/b7037k2/Spring5-MVC-Hibernate5-SpringSecurity5-CRUD-317351/QuickFixer/src/main/webapp/resources/scss/bootstrap/_buttons.scss
2026-02-07 01:05:06,276 - Knowledge - INFO - Worker kw2 processing /app/data/T0015/317351/b7037k2/Spring5-MVC-Hibernate5-SpringSecurity5-CRUD-317351/QuickFixer/src/main/webapp/resources/scss/bootstrap/_type.scss
2026-02-07 01:05:06,356 - Knowledge - INFO - Worker kw5 processing /app/data/T0015/317351/b7037k2/Spring5-MVC-Hibernate5-SpringSecurity5-CRUD-317351/QuickFixer/src/main/webapp/resources/scss/bootstrap/_button-group.scss
2026-02-07 01:05:06,440 - Knowledge - INFO - process ingested knowledge for /app/data/T0015/317351/b7037k2/Spring5-MVC-Hibernate5-SpringSecurity5-CRUD-317351/QuickFixer/src/main/webapp/resources/scss/bootstrap/utilities/_spacing.scss
2026-02-07 01:05:06,514 - Knowledge - INFO - process ingested knowledge for /app/data/T0015/317351/b7037k2/Spring5-MVC-Hibernate5-SpringSecurity5-CRUD-317351/QuickFixer/src/main/webapp/resources/scss/bootstrap/utilities/_background.scss
2026-02-07 01:05:06,598 - Knowledge - INFO - Worker kw3 processing /app/data/T0015/317351/b7037k2/Spring5-MVC-Hibernate5-SpringSecurity5-CRUD-317351/QuickFixer/src/main/webapp/resources/scss/bootstrap/_images.scss
2026-02-07 01:05:06,676 - Knowledge - INFO - Batch sizing: calculated=4, max_allowed=10, queue=31, active_workers=20/20
2026-02-07 01:05:06,782 - Knowledge - INFO - process ingested knowledge for /app/data/T0015/317351/b7037k2/Spring5-MVC-Hibernate5-SpringSecurity5-CRUD-317351/QuickFixer/src/main/webapp/resources/scss/bootstrap/utilities/_float.scss
2026-02-07 01:05:06,855 - Knowledge - INFO - process ingested knowledge for /app/data/T0015/317351/b7037k2/Spring5-MVC-Hibernate5-SpringSecurity5-CRUD-317351/QuickFixer/src/main/webapp/resources/scss/bootstrap/_functions.scss
2026-02-07 01:05:07,061 - Knowledge - INFO - Fast-tracked /app/data/T0015/317351/b7037k2/Spring5-MVC-Hibernate5-SpringSecurity5-CRUD-317351/QuickFixer/src/main/webapp/resources/scss/bootstrap/_utilities.scss (ext=.scss, size=407)
2026-02-07 01:05:07,138 - Knowledge - INFO - Fast-tracked /app/data/T0015/317351/b7037k2/Spring5-MVC-Hibernate5-SpringSecurity5-CRUD-317351/QuickFixer/src/main/webapp/resources/scss/bootstrap/_card.scss (ext=.scss, size=5693)
2026-02-07 01:05:07,297 - Knowledge - INFO - Worker kw6 processing /app/data/T0015/317351/b7037k2/Spring5-MVC-Hibernate5-SpringSecurity5-CRUD-317351/QuickFixer/src/main/webapp/resources/scss/theme/_home.scss
2026-02-07 01:05:07,406 - Knowledge - INFO - Worker kw8 processing /app/data/T0015/317351/b7037k2/Spring5-MVC-Hibernate5-SpringSecurity5-CRUD-317351/QuickFixer/src/main/webapp/resources/scss/theme/_flexbox.scss
2026-02-07 01:05:07,476 - Knowledge - INFO - Worker kw9 processing /app/data/T0015/317351/b7037k2/Spring5-MVC-Hibernate5-SpringSecurity5-CRUD-317351/QuickFixer/src/main/webapp/resources/css/fixerbreadcrumb.css
2026-02-07 01:05:07,586 - Knowledge - INFO - Progress: 57.1% | Files: 93/156 | Rate: 2.13 files/sec | Queue: 31
2026-02-07 01:05:07,588 - Knowledge - INFO - Processing batch of 4 files
2026-02-07 01:05:07,602 - Knowledge - INFO - [WEBSOCKET] Sent: Type=progress_update, Size: 271, Duration: 0ms
2026-02-07 01:05:07,602 - Knowledge - INFO - [kw15] Queue=31, InProgress=0, PendingWorkers=20/20, Completed=93/156 (59.6%)
2026-02-07 01:05:07,670 - Knowledge - INFO - Batch sizing: calculated=4, max_allowed=10, queue=31, active_workers=20/20
2026-02-07 01:05:07,869 - Knowledge - INFO - Fast-tracked /app/data/T0015/317351/b7037k2/Spring5-MVC-Hibernate5-SpringSecurity5-CRUD-317351/QuickFixer/src/main/webapp/resources/scss/bootstrap/_type.scss (ext=.scss, size=2115)
2026-02-07 01:05:07,958 - Knowledge - INFO - Fast-tracked /app/data/T0015/317351/b7037k2/Spring5-MVC-Hibernate5-SpringSecurity5-CRUD-317351/QuickFixer/src/main/webapp/resources/scss/bootstrap/_button-group.scss (ext=.scss, size=3647)
2026-02-07 01:05:08,150 - Knowledge - INFO - process ingested knowledge for /app/data/T0015/317351/b7037k2/Spring5-MVC-Hibernate5-SpringSecurity5-CRUD-317351/QuickFixer/src/main/webapp/resources/scss/bootstrap/utilities/_sizing.scss
2026-02-07 01:05:08,180 - Knowledge - INFO - Fast-tracked /app/data/T0015/317351/b7037k2/Spring5-MVC-Hibernate5-SpringSecurity5-CRUD-317351/QuickFixer/src/main/webapp/resources/scss/bootstrap/_images.scss (ext=.scss, size=1146)
2026-02-07 01:05:08,362 - Knowledge - INFO - process ingested knowledge for /app/data/T0015/317351/b7037k2/Spring5-MVC-Hibernate5-SpringSecurity5-CRUD-317351/QuickFixer/src/main/webapp/resources/scss/bootstrap/utilities/_screenreaders.scss
2026-02-07 01:05:08,443 - Knowledge - INFO - process ingested knowledge for /app/data/T0015/317351/b7037k2/Spring5-MVC-Hibernate5-SpringSecurity5-CRUD-317351/QuickFixer/src/main/webapp/resources/scss/bootstrap/_modal.scss
2026-02-07 01:05:08,520 - Knowledge - INFO - Async storage completed for 5 embeddings
2026-02-07 01:05:08,592 - Knowledge - INFO - Async storage completed for 5 embeddings
2026-02-07 01:05:08,673 - Knowledge - INFO - Fast-tracked /app/data/T0015/317351/b7037k2/Spring5-MVC-Hibernate5-SpringSecurity5-CRUD-317351/QuickFixer/src/main/webapp/resources/scss/theme/_home.scss (ext=.scss, size=11519)
2026-02-07 01:05:08,754 - Knowledge - INFO - Fast-tracked /app/data/T0015/317351/b7037k2/Spring5-MVC-Hibernate5-SpringSecurity5-CRUD-317351/QuickFixer/src/main/webapp/resources/scss/theme/_flexbox.scss (ext=.scss, size=4794)
2026-02-07 01:05:08,827 - Knowledge - INFO - Fast-tracked /app/data/T0015/317351/b7037k2/Spring5-MVC-Hibernate5-SpringSecurity5-CRUD-317351/QuickFixer/src/main/webapp/resources/css/fixerbreadcrumb.css (ext=.css, size=571)
2026-02-07 01:05:08,891 - Knowledge - INFO - [kw10] Queue=27, InProgress=0, PendingWorkers=20/20, Completed=93/156 (59.6%)
2026-02-07 01:05:09,002 - Knowledge - INFO - process ingested knowledge for /app/data/T0015/317351/b7037k2/Spring5-MVC-Hibernate5-SpringSecurity5-CRUD-317351/QuickFixer/src/main/webapp/resources/scss/bootstrap/_dropdown.scss
2026-02-07 01:05:09,075 - Knowledge - INFO - [WEBSOCKET] Sent: Type=unknown, Size: ?, Duration: 1473ms
2026-02-07 01:05:09,142 - Knowledge - INFO - Batch sizing: calculated=4, max_allowed=10, queue=31, active_workers=20/20
2026-02-07 01:05:09,325 - Knowledge - INFO - Worker kw2 processing /app/data/T0015/317351/b7037k2/Spring5-MVC-Hibernate5-SpringSecurity5-CRUD-317351/QuickFixer/src/main/webapp/resources/scss/bootstrap/_carousel.scss
2026-02-07 01:05:09,417 - Knowledge - INFO - Worker kw5 processing /app/data/T0015/317351/b7037k2/Spring5-MVC-Hibernate5-SpringSecurity5-CRUD-317351/QuickFixer/src/main/webapp/resources/scss/bootstrap/_list-group.scss
2026-02-07 01:05:09,649 - Knowledge - INFO - Worker kw3 processing /app/data/T0015/317351/b7037k2/Spring5-MVC-Hibernate5-SpringSecurity5-CRUD-317351/QuickFixer/src/main/webapp/resources/scss/theme/_reset.scss
2026-02-07 01:05:09,786 - Knowledge - INFO - process ingested knowledge for /app/data/T0015/317351/b7037k2/Spring5-MVC-Hibernate5-SpringSecurity5-CRUD-317351/QuickFixer/src/main/webapp/resources/scss/bootstrap/utilities/_display.scss
2026-02-07 01:05:09,799 - Knowledge - INFO - process ingested knowledge for /app/data/T0015/317351/b7037k2/Spring5-MVC-Hibernate5-SpringSecurity5-CRUD-317351/QuickFixer/src/main/webapp/resources/scss/bootstrap/_print.scss
2026-02-07 01:05:10,065 - Knowledge - INFO - Worker kw6 processing /app/data/T0015/317351/b7037k2/Spring5-MVC-Hibernate5-SpringSecurity5-CRUD-317351/QuickFixer/src/main/webapp/resources/scss/theme/_header.scss
2026-02-07 01:05:10,147 - Knowledge - INFO - Worker kw8 processing /app/data/T0015/317351/b7037k2/Spring5-MVC-Hibernate5-SpringSecurity5-CRUD-317351/QuickFixer/src/main/webapp/resources/scss/main.scss
2026-02-07 01:05:10,267 - Knowledge - INFO - Worker kw9 processing /app/data/T0015/317351/b7037k2/Spring5-MVC-Hibernate5-SpringSecurity5-CRUD-317351/QuickFixer/src/main/webapp/resources/css/magnific-popup.css
2026-02-07 01:05:10,340 - Knowledge - INFO - Batch sizing: calculated=4, max_allowed=10, queue=27, active_workers=20/20
2026-02-07 01:05:10,452 - Knowledge - INFO - process ingested knowledge for /app/data/T0015/317351/b7037k2/Spring5-MVC-Hibernate5-SpringSecurity5-CRUD-317351/QuickFixer/src/main/webapp/resources/scss/bootstrap/_nav.scss
2026-02-07 01:05:10,528 - Knowledge - INFO - Progress: 59.6% | Files: 101/156 | Rate: 2.15 files/sec | Queue: 23
2026-02-07 01:05:10,530 - Knowledge - INFO - Async storing batch of 5 embeddings
2026-02-07 01:05:10,530 - Knowledge - INFO - [kw12] Queue=23, InProgress=0, PendingWorkers=20/20, Completed=101/156 (64.7%)
2026-02-07 01:05:10,530 - Knowledge - INFO - Processing batch of 4 files
2026-02-07 01:05:10,531 - Knowledge - INFO - Processing batch of 4 files
2026-02-07 01:05:10,531 - Knowledge - INFO - [kw13] Queue=23, InProgress=0, PendingWorkers=20/20, Completed=101/156 (64.7%)
2026-02-07 01:05:10,531 - Knowledge - INFO - [kw16] Queue=23, InProgress=0, PendingWorkers=20/20, Completed=101/156 (64.7%)
2026-02-07 01:05:10,533 - Knowledge - INFO - Async storing batch of 5 embeddings
2026-02-07 01:05:10,533 - Knowledge - INFO - [kw17] Queue=23, InProgress=0, PendingWorkers=20/20, Completed=101/156 (64.7%)
2026-02-07 01:05:10,598 - Knowledge - INFO - Async storing batch of 4 embeddings
2026-02-07 01:05:10,693 - Knowledge - INFO - Fast-tracked /app/data/T0015/317351/b7037k2/Spring5-MVC-Hibernate5-SpringSecurity5-CRUD-317351/QuickFixer/src/main/webapp/resources/scss/bootstrap/_carousel.scss (ext=.scss, size=4221)
2026-02-07 01:05:10,766 - Knowledge - INFO - Fast-tracked /app/data/T0015/317351/b7037k2/Spring5-MVC-Hibernate5-SpringSecurity5-CRUD-317351/QuickFixer/src/main/webapp/resources/scss/bootstrap/_list-group.scss (ext=.scss, size=2887)
2026-02-07 01:05:10,846 - Knowledge - INFO - Fast-tracked /app/data/T0015/317351/b7037k2/Spring5-MVC-Hibernate5-SpringSecurity5-CRUD-317351/QuickFixer/src/main/webapp/resources/scss/theme/_reset.scss (ext=.scss, size=7841)
2026-02-07 01:05:11,158 - Knowledge - INFO - Fast-tracked /app/data/T0015/317351/b7037k2/Spring5-MVC-Hibernate5-SpringSecurity5-CRUD-317351/QuickFixer/src/main/webapp/resources/scss/theme/_header.scss (ext=.scss, size=4556)
2026-02-07 01:05:11,263 - Knowledge - INFO - Fast-tracked /app/data/T0015/317351/b7037k2/Spring5-MVC-Hibernate5-SpringSecurity5-CRUD-317351/QuickFixer/src/main/webapp/resources/scss/main.scss (ext=.scss, size=375)
2026-02-07 01:05:11,349 - Knowledge - INFO - Fast-tracked /app/data/T0015/317351/b7037k2/Spring5-MVC-Hibernate5-SpringSecurity5-CRUD-317351/QuickFixer/src/main/webapp/resources/css/magnific-popup.css (ext=.css, size=6951)
2026-02-07 01:05:11,414 - Knowledge - INFO - [WEBSOCKET] Sent: Type=progress_update, Size: 272, Duration: 0ms
2026-02-07 01:05:11,504 - Knowledge - INFO - process ingested knowledge for /app/data/T0015/317351/b7037k2/Spring5-MVC-Hibernate5-SpringSecurity5-CRUD-317351/QuickFixer/src/main/webapp/resources/scss/bootstrap/_progress.scss
2026-02-07 01:05:11,542 - Knowledge - INFO - [kw14] Queue=15, InProgress=0, PendingWorkers=20/20, Completed=101/156 (64.7%)
2026-02-07 01:05:11,615 - Knowledge - INFO - Worker kw7 processing /app/data/T0015/317351/b7037k2/Spring5-MVC-Hibernate5-SpringSecurity5-CRUD-317351/QuickFixer/src/main/webapp/resources/css/bootstrap/bootstrap-grid.css
2026-02-07 01:05:11,690 - Knowledge - INFO - Batch sizing: calculated=4, max_allowed=10, queue=23, active_workers=20/20
2026-02-07 01:05:11,790 - Knowledge - INFO - process ingested knowledge for /app/data/T0015/317351/b7037k2/Spring5-MVC-Hibernate5-SpringSecurity5-CRUD-317351/QuickFixer/src/main/webapp/resources/scss/bootstrap/_alert.scss
2026-02-07 01:05:11,863 - Knowledge - INFO - process ingested knowledge for /app/data/T0015/317351/b7037k2/Spring5-MVC-Hibernate5-SpringSecurity5-CRUD-317351/QuickFixer/src/main/webapp/resources/scss/bootstrap/_root.scss
2026-02-07 01:05:11,973 - Knowledge - INFO - Batch sizing: calculated=4, max_allowed=10, queue=23, active_workers=20/20
2026-02-07 01:05:12,053 - Knowledge - INFO - Batch sizing: calculated=4, max_allowed=10, queue=23, active_workers=20/20
2026-02-07 01:05:12,135 - Knowledge - INFO - Worker kw11 processing /app/data/T0015/317351/b7037k2/Spring5-MVC-Hibernate5-SpringSecurity5-CRUD-317351/QuickFixer/src/main/webapp/resources/css/jquerysctipttop.css
2026-02-07 01:05:12,238 - Knowledge - INFO - Batch sizing: calculated=4, max_allowed=10, queue=23, active_workers=20/20
2026-02-07 01:05:12,311 - Knowledge - INFO - Worker kw15 processing /app/data/T0015/317351/b7037k2/Spring5-MVC-Hibernate5-SpringSecurity5-CRUD-317351/QuickFixer/src/main/webapp/resources/css/theme/pages.css
2026-02-07 01:05:12,406 - Knowledge - INFO - Async storage completed for 5 embeddings
2026-02-07 01:05:12,518 - Knowledge - INFO - Async storage completed for 5 embeddings
2026-02-07 01:05:12,626 - Knowledge - INFO - Worker kw3 processing /app/data/T0015/317351/b7037k2/Spring5-MVC-Hibernate5-SpringSecurity5-CRUD-317351/QuickFixer/src/main/webapp/resources/scss/theme/_variables.scss
2026-02-07 01:05:12,701 - Knowledge - INFO - Worker kw6 processing /app/data/T0015/317351/b7037k2/Spring5-MVC-Hibernate5-SpringSecurity5-CRUD-317351/QuickFixer/src/main/webapp/resources/scss/theme/_elements.scss
2026-02-07 01:05:12,783 - Knowledge - INFO - Worker kw8 processing /app/data/T0015/317351/b7037k2/Spring5-MVC-Hibernate5-SpringSecurity5-CRUD-317351/QuickFixer/src/main/webapp/resources/css/animate.min.css
2026-02-07 01:05:12,855 - Knowledge - INFO - Worker kw9 processing /app/data/T0015/317351/b7037k2/Spring5-MVC-Hibernate5-SpringSecurity5-CRUD-317351/QuickFixer/src/main/webapp/resources/css/hexagons.min.css
2026-02-07 01:05:12,972 - Knowledge - INFO - Async storing batch of 5 embeddings
2026-02-07 01:05:12,972 - Knowledge - INFO - [WEBSOCKET] Sent: Type=unknown, Size: ?, Duration: 1559ms
2026-02-07 01:05:13,052 - Knowledge - INFO - process ingested knowledge for /app/data/T0015/317351/b7037k2/Spring5-MVC-Hibernate5-SpringSecurity5-CRUD-317351/QuickFixer/src/main/webapp/resources/scss/bootstrap/_mixins.scss
2026-02-07 01:05:13,157 - Knowledge - INFO - Batch sizing: calculated=4, max_allowed=10, queue=15, active_workers=20/20
2026-02-07 01:05:13,274 - Knowledge - INFO - Fast-tracked /app/data/T0015/317351/b7037k2/Spring5-MVC-Hibernate5-SpringSecurity5-CRUD-317351/QuickFixer/src/main/webapp/resources/css/bootstrap/bootstrap-grid.css (ext=.css, size=18934)
2026-02-07 01:05:13,439 - Knowledge - INFO - process ingested knowledge for /app/data/T0015/317351/b7037k2/Spring5-MVC-Hibernate5-SpringSecurity5-CRUD-317351/QuickFixer/src/main/webapp/resources/scss/bootstrap/_media.scss
2026-02-07 01:05:13,545 - Knowledge - INFO - process ingested knowledge for /app/data/T0015/317351/b7037k2/Spring5-MVC-Hibernate5-SpringSecurity5-CRUD-317351/QuickFixer/src/main/webapp/resources/scss/bootstrap/_input-group.scss
2026-02-07 01:05:13,823 - Knowledge - INFO - Fast-tracked /app/data/T0015/317351/b7037k2/Spring5-MVC-Hibernate5-SpringSecurity5-CRUD-317351/QuickFixer/src/main/webapp/resources/css/jquerysctipttop.css (ext=.css, size=736)
2026-02-07 01:05:14,039 - Knowledge - INFO - Fast-tracked /app/data/T0015/317351/b7037k2/Spring5-MVC-Hibernate5-SpringSecurity5-CRUD-317351/QuickFixer/src/main/webapp/resources/css/theme/pages.css (ext=.css, size=8363)
2026-02-07 01:05:14,340 - Knowledge - INFO - Fast-tracked /app/data/T0015/317351/b7037k2/Spring5-MVC-Hibernate5-SpringSecurity5-CRUD-317351/QuickFixer/src/main/webapp/resources/scss/theme/_variables.scss (ext=.scss, size=270)
2026-02-07 01:05:14,454 - Knowledge - INFO - Fast-tracked /app/data/T0015/317351/b7037k2/Spring5-MVC-Hibernate5-SpringSecurity5-CRUD-317351/QuickFixer/src/main/webapp/resources/scss/theme/_elements.scss (ext=.scss, size=16663)
2026-02-07 01:05:14,520 - Knowledge - INFO - Fast-tracked /app/data/T0015/317351/b7037k2/Spring5-MVC-Hibernate5-SpringSecurity5-CRUD-317351/QuickFixer/src/main/webapp/resources/css/animate.min.css (ext=.css, size=52789)
2026-02-07 01:05:14,580 - Knowledge - INFO - Fast-tracked /app/data/T0015/317351/b7037k2/Spring5-MVC-Hibernate5-SpringSecurity5-CRUD-317351/QuickFixer/src/main/webapp/resources/css/hexagons.min.css (ext=.css, size=9957)
2026-02-07 01:05:14,661 - Knowledge - INFO - Worker kw10 processing /app/data/T0015/317351/b7037k2/Spring5-MVC-Hibernate5-SpringSecurity5-CRUD-317351/QuickFixer/src/main/webapp/resources/js/jquery.sticky.js
2026-02-07 01:05:14,728 - Knowledge - INFO - Progress: 64.7% | Files: 109/156 | Rate: 2.15 files/sec | Queue: 0
2026-02-07 01:05:14,728 - Knowledge - INFO - Async storing batch of 5 embeddings
2026-02-07 01:05:14,729 - Knowledge - INFO - Async storing batch of 4 embeddings
2026-02-07 01:05:14,729 - Knowledge - INFO - Processing batch of 4 files
2026-02-07 01:05:14,729 - Knowledge - INFO - Processing batch of 4 files
2026-02-07 01:05:14,729 - Knowledge - INFO - Async storing batch of 5 embeddings
2026-02-07 01:05:14,729 - Knowledge - INFO - Async storing batch of 4 embeddings
2026-02-07 01:05:14,729 - Knowledge - INFO - [WEBSOCKET] Sent: Type=progress_update, Size: 272, Duration: 1ms
2026-02-07 01:05:14,976 - Knowledge - INFO - Worker kw7 processing /app/data/T0015/317351/b7037k2/Spring5-MVC-Hibernate5-SpringSecurity5-CRUD-317351/QuickFixer/src/main/webapp/resources/css/bootstrap/bootstrap.css
2026-02-07 01:05:15,083 - Knowledge - INFO - process ingested knowledge for /app/data/T0015/317351/b7037k2/Spring5-MVC-Hibernate5-SpringSecurity5-CRUD-317351/QuickFixer/src/main/webapp/resources/scss/bootstrap/_jumbotron.scss
2026-02-07 01:05:15,223 - Knowledge - INFO - process ingested knowledge for /app/data/T0015/317351/b7037k2/Spring5-MVC-Hibernate5-SpringSecurity5-CRUD-317351/QuickFixer/src/main/webapp/resources/scss/bootstrap/_pagination.scss
2026-02-07 01:05:15,290 - Knowledge - INFO - Worker kw11 processing /app/data/T0015/317351/b7037k2/Spring5-MVC-Hibernate5-SpringSecurity5-CRUD-317351/QuickFixer/src/main/webapp/resources/css/bootstrap.css
2026-02-07 01:05:15,382 - Knowledge - INFO - Worker kw15 processing /app/data/T0015/317351/b7037k2/Spring5-MVC-Hibernate5-SpringSecurity5-CRUD-317351/QuickFixer/src/main/webapp/resources/css/nice-select.css
2026-02-07 01:05:15,499 - Knowledge - INFO - Async storage completed for 5 embeddings
2026-02-07 01:05:15,578 - Knowledge - INFO - Worker kw6 processing /app/data/T0015/317351/b7037k2/Spring5-MVC-Hibernate5-SpringSecurity5-CRUD-317351/QuickFixer/src/main/webapp/resources/scss/theme/_mixins.scss
2026-02-07 01:05:15,661 - Knowledge - INFO - Worker kw8 processing /app/data/T0015/317351/b7037k2/Spring5-MVC-Hibernate5-SpringSecurity5-CRUD-317351/QuickFixer/src/main/webapp/resources/css/main.css
2026-02-07 01:05:15,815 - Knowledge - INFO - Worker kw9 processing /app/data/T0015/317351/b7037k2/Spring5-MVC-Hibernate5-SpringSecurity5-CRUD-317351/QuickFixer/src/main/webapp/resources/css/linearicons.css
2026-02-07 01:05:15,915 - Knowledge - INFO - Worker kw10 processing /app/data/T0015/317351/b7037k2/Spring5-MVC-Hibernate5-SpringSecurity5-CRUD-317351/QuickFixer/src/main/webapp/resources/js/main.js
2026-02-07 01:05:16,092 - Knowledge - INFO - Worker kw13 processing /app/data/T0015/317351/b7037k2/Spring5-MVC-Hibernate5-SpringSecurity5-CRUD-317351/QuickFixer/src/main/webapp/resources/js/superfish.min.js
2026-02-07 01:05:16,167 - Knowledge - INFO - Worker kw17 processing /app/data/T0015/317351/b7037k2/Spring5-MVC-Hibernate5-SpringSecurity5-CRUD-317351/QuickFixer/src/main/webapp/resources/js/jquery.nice-select.min.js
2026-02-07 01:05:16,279 - Knowledge - INFO - process ingested knowledge for /app/data/T0015/317351/b7037k2/Spring5-MVC-Hibernate5-SpringSecurity5-CRUD-317351/QuickFixer/src/main/webapp/resources/scss/bootstrap/_navbar.scss
2026-02-07 01:05:16,380 - Knowledge - INFO - process ingested knowledge for /app/data/T0015/317351/b7037k2/Spring5-MVC-Hibernate5-SpringSecurity5-CRUD-317351/QuickFixer/src/main/webapp/resources/scss/bootstrap/_transitions.scss
2026-02-07 01:05:16,493 - Knowledge - INFO - Worker kw12 processing /app/data/T0015/317351/b7037k2/Spring5-MVC-Hibernate5-SpringSecurity5-CRUD-317351/QuickFixer/src/main/webapp/resources/js/easing.min.js
2026-02-07 01:05:16,566 - Knowledge - INFO - Worker kw16 processing /app/data/T0015/317351/b7037k2/Spring5-MVC-Hibernate5-SpringSecurity5-CRUD-317351/QuickFixer/src/main/webapp/resources/js/slick.js
2026-02-07 01:05:16,671 - Knowledge - INFO - [WEBSOCKET] Sent: Type=unknown, Size: ?, Duration: 1943ms
2026-02-07 01:05:16,754 - Knowledge - INFO - Fast-tracked /app/data/T0015/317351/b7037k2/Spring5-MVC-Hibernate5-SpringSecurity5-CRUD-317351/QuickFixer/src/main/webapp/resources/css/bootstrap/bootstrap.css (ext=.css, size=122895)
2026-02-07 01:05:16,838 - Knowledge - INFO - process ingested knowledge for /app/data/T0015/317351/b7037k2/Spring5-MVC-Hibernate5-SpringSecurity5-CRUD-317351/QuickFixer/src/main/webapp/resources/scss/bootstrap/_utilities.scss
2026-02-07 01:05:16,936 - Knowledge - INFO - process ingested knowledge for /app/data/T0015/317351/b7037k2/Spring5-MVC-Hibernate5-SpringSecurity5-CRUD-317351/QuickFixer/src/main/webapp/resources/scss/bootstrap/_card.scss
2026-02-07 01:05:17,048 - Knowledge - INFO - Fast-tracked /app/data/T0015/317351/b7037k2/Spring5-MVC-Hibernate5-SpringSecurity5-CRUD-317351/QuickFixer/src/main/webapp/resources/css/bootstrap.css (ext=.css, size=122161)
2026-02-07 01:05:17,140 - Knowledge - INFO - Fast-tracked /app/data/T0015/317351/b7037k2/Spring5-MVC-Hibernate5-SpringSecurity5-CRUD-317351/QuickFixer/src/main/webapp/resources/css/nice-select.css (ext=.css, size=4007)
2026-02-07 01:05:17,342 - Knowledge - INFO - Fast-tracked /app/data/T0015/317351/b7037k2/Spring5-MVC-Hibernate5-SpringSecurity5-CRUD-317351/QuickFixer/src/main/webapp/resources/scss/theme/_mixins.scss (ext=.scss, size=3430)
2026-02-07 01:05:17,415 - Knowledge - INFO - Fast-tracked /app/data/T0015/317351/b7037k2/Spring5-MVC-Hibernate5-SpringSecurity5-CRUD-317351/QuickFixer/src/main/webapp/resources/css/main.css (ext=.css, size=35332)
2026-02-07 01:05:17,498 - Knowledge - INFO - Fast-tracked /app/data/T0015/317351/b7037k2/Spring5-MVC-Hibernate5-SpringSecurity5-CRUD-317351/QuickFixer/src/main/webapp/resources/css/linearicons.css (ext=.css, size=8362)
2026-02-07 01:05:17,581 - Knowledge - INFO - Worker kw10 processing /app/data/T0015/317351/b7037k2/Spring5-MVC-Hibernate5-SpringSecurity5-CRUD-317351/QuickFixer/src/main/webapp/resources/js/jquery.counterup.min.js
2026-02-07 01:05:17,666 - Knowledge - INFO - Fast-tracked /app/data/T0015/317351/b7037k2/Spring5-MVC-Hibernate5-SpringSecurity5-CRUD-317351/QuickFixer/src/main/webapp/resources/js/superfish.min.js (ext=.js, size=4474)
2026-02-07 01:05:17,747 - Knowledge - INFO - Fast-tracked /app/data/T0015/317351/b7037k2/Spring5-MVC-Hibernate5-SpringSecurity5-CRUD-317351/QuickFixer/src/main/webapp/resources/js/jquery.nice-select.min.js (ext=.js, size=2942)
2026-02-07 01:05:17,846 - Knowledge - INFO - process ingested knowledge for /app/data/T0015/317351/b7037k2/Spring5-MVC-Hibernate5-SpringSecurity5-CRUD-317351/QuickFixer/src/main/webapp/resources/scss/bootstrap/bootstrap-grid.scss
2026-02-07 01:05:17,978 - Knowledge - INFO - process ingested knowledge for /app/data/T0015/317351/b7037k2/Spring5-MVC-Hibernate5-SpringSecurity5-CRUD-317351/QuickFixer/src/main/webapp/resources/scss/bootstrap/_close.scss
2026-02-07 01:05:18,066 - Knowledge - INFO - Fast-tracked /app/data/T0015/317351/b7037k2/Spring5-MVC-Hibernate5-SpringSecurity5-CRUD-317351/QuickFixer/src/main/webapp/resources/js/easing.min.js (ext=.js, size=2303)
2026-02-07 01:05:18,168 - Knowledge - INFO - Worker kw16 processing /app/data/T0015/317351/b7037k2/Spring5-MVC-Hibernate5-SpringSecurity5-CRUD-317351/QuickFixer/src/main/webapp/resources/js/pdfmake.min.js
2026-02-07 01:05:18,254 - Knowledge - INFO - Progress: 69.9% | Files: 113/156 | Rate: 2.09 files/sec | Queue: 0
2026-02-07 01:05:18,255 - Knowledge - INFO - Processing batch of 4 files
2026-02-07 01:05:18,360 - Knowledge - INFO - Worker kw7 processing /app/data/T0015/317351/b7037k2/Spring5-MVC-Hibernate5-SpringSecurity5-CRUD-317351/QuickFixer/src/main/webapp/resources/css/bootstrap/bootstrap-reboot.css
2026-02-07 01:05:18,601 - Knowledge - INFO - Worker kw11 processing /app/data/T0015/317351/b7037k2/Spring5-MVC-Hibernate5-SpringSecurity5-CRUD-317351/QuickFixer/src/main/webapp/resources/css/owl.carousel.css
2026-02-07 01:05:18,678 - Knowledge - INFO - Worker kw15 processing /app/data/T0015/317351/b7037k2/Spring5-MVC-Hibernate5-SpringSecurity5-CRUD-317351/QuickFixer/src/main/webapp/resources/js/mail-script.js
2026-02-07 01:05:18,757 - Knowledge - INFO - Async storage completed for 5 embeddings
2026-02-07 01:05:18,831 - Knowledge - INFO - Async storage completed for 5 embeddings
2026-02-07 01:05:18,912 - Knowledge - INFO - Async storage completed for 5 embeddings
2026-02-07 01:05:18,981 - Knowledge - INFO - Fast-tracked /app/data/T0015/317351/b7037k2/Spring5-MVC-Hibernate5-SpringSecurity5-CRUD-317351/QuickFixer/src/main/webapp/resources/js/jquery.counterup.min.js (ext=.js, size=1067)
2026-02-07 01:05:19,013 - Knowledge - INFO - [WEBSOCKET] Sent: Type=progress_update, Size: 274, Duration: 0ms
2026-02-07 01:05:19,097 - Knowledge - INFO - Worker kw13 processing /app/data/T0015/317351/b7037k2/Spring5-MVC-Hibernate5-SpringSecurity5-CRUD-317351/QuickFixer/src/main/webapp/resources/js/vendor/jquery-2.2.4.min.js
2026-02-07 01:05:19,178 - Knowledge - INFO - Worker kw17 processing /app/data/T0015/317351/b7037k2/Spring5-MVC-Hibernate5-SpringSecurity5-CRUD-317351/QuickFixer/quickfixer.sql
2026-02-07 01:05:19,268 - Knowledge - INFO - process ingested knowledge for /app/data/T0015/317351/b7037k2/Spring5-MVC-Hibernate5-SpringSecurity5-CRUD-317351/QuickFixer/src/main/webapp/resources/scss/bootstrap/_type.scss
2026-02-07 01:05:19,342 - Knowledge - INFO - process ingested knowledge for /app/data/T0015/317351/b7037k2/Spring5-MVC-Hibernate5-SpringSecurity5-CRUD-317351/QuickFixer/src/main/webapp/resources/scss/bootstrap/_button-group.scss
2026-02-07 01:05:19,424 - Knowledge - INFO - Worker kw12 processing /app/data/T0015/317351/b7037k2/Spring5-MVC-Hibernate5-SpringSecurity5-CRUD-317351/QuickFixer/src/main/webapp/resources/js/parallax.min.js
2026-02-07 01:05:19,496 - Knowledge - INFO - Fast-tracked /app/data/T0015/317351/b7037k2/Spring5-MVC-Hibernate5-SpringSecurity5-CRUD-317351/QuickFixer/src/main/webapp/resources/js/pdfmake.min.js (ext=.js, size=970387)
2026-02-07 01:05:19,695 - Knowledge - INFO - process ingested knowledge for /app/data/T0015/317351/b7037k2/Spring5-MVC-Hibernate5-SpringSecurity5-CRUD-317351/QuickFixer/src/main/webapp/resources/scss/bootstrap/_grid.scss
2026-02-07 01:05:19,816 - Knowledge - INFO - Fast-tracked /app/data/T0015/317351/b7037k2/Spring5-MVC-Hibernate5-SpringSecurity5-CRUD-317351/QuickFixer/src/main/webapp/resources/css/bootstrap/bootstrap-reboot.css (ext=.css, size=3882)
2026-02-07 01:05:19,882 - Knowledge - INFO - Fast-tracked /app/data/T0015/317351/b7037k2/Spring5-MVC-Hibernate5-SpringSecurity5-CRUD-317351/QuickFixer/src/main/webapp/resources/css/owl.carousel.css (ext=.css, size=4285)
2026-02-07 01:05:19,971 - Knowledge - INFO - Fast-tracked /app/data/T0015/317351/b7037k2/Spring5-MVC-Hibernate5-SpringSecurity5-CRUD-317351/QuickFixer/src/main/webapp/resources/js/mail-script.js (ext=.js, size=1230)
2026-02-07 01:05:20,322 - Knowledge - INFO - Worker kw10 processing /app/data/T0015/317351/b7037k2/Spring5-MVC-Hibernate5-SpringSecurity5-CRUD-317351/QuickFixer/src/main/webapp/resources/js/superfish.js
2026-02-07 01:05:20,386 - Knowledge - INFO - Processing batch of 4 files
2026-02-07 01:05:20,386 - Knowledge - INFO - Processing batch of 4 files
2026-02-07 01:05:20,386 - Knowledge - INFO - Processing batch of 4 files
2026-02-07 01:05:20,387 - Knowledge - INFO - [WEBSOCKET] Sent: Type=unknown, Size: ?, Duration: 1373ms
2026-02-07 01:05:20,479 - Knowledge - INFO - Fast-tracked /app/data/T0015/317351/b7037k2/Spring5-MVC-Hibernate5-SpringSecurity5-CRUD-317351/QuickFixer/src/main/webapp/resources/js/vendor/jquery-2.2.4.min.js (ext=.js, size=85577)
2026-02-07 01:05:20,605 - Knowledge - INFO - Fast-tracked /app/data/T0015/317351/b7037k2/Spring5-MVC-Hibernate5-SpringSecurity5-CRUD-317351/QuickFixer/quickfixer.sql (ext=.sql, size=1886)
2026-02-07 01:05:20,679 - Knowledge - INFO - process ingested knowledge for /app/data/T0015/317351/b7037k2/Spring5-MVC-Hibernate5-SpringSecurity5-CRUD-317351/QuickFixer/src/main/webapp/resources/scss/bootstrap/_carousel.scss
2026-02-07 01:05:20,751 - Knowledge - INFO - process ingested knowledge for /app/data/T0015/317351/b7037k2/Spring5-MVC-Hibernate5-SpringSecurity5-CRUD-317351/QuickFixer/src/main/webapp/resources/scss/bootstrap/_list-group.scss
2026-02-07 01:05:20,841 - Knowledge - INFO - Fast-tracked /app/data/T0015/317351/b7037k2/Spring5-MVC-Hibernate5-SpringSecurity5-CRUD-317351/QuickFixer/src/main/webapp/resources/js/parallax.min.js (ext=.js, size=6864)
2026-02-07 01:05:20,926 - Knowledge - INFO - Worker kw16 processing /app/data/T0015/317351/b7037k2/Spring5-MVC-Hibernate5-SpringSecurity5-CRUD-317351/QuickFixer/src/main/webapp/resources/js/owl.carousel.min.js
2026-02-07 01:05:21,007 - Knowledge - INFO - process ingested knowledge for /app/data/T0015/317351/b7037k2/Spring5-MVC-Hibernate5-SpringSecurity5-CRUD-317351/QuickFixer/src/main/webapp/resources/scss/bootstrap/_images.scss
2026-02-07 01:05:21,107 - Knowledge - INFO - Worker kw7 processing /app/data/T0015/317351/b7037k2/Spring5-MVC-Hibernate5-SpringSecurity5-CRUD-317351/QuickFixer/src/main/webapp/resources/css/font-awesome.min.css
2026-02-07 01:05:21,198 - Knowledge - INFO - Worker kw11 processing /app/data/T0015/317351/b7037k2/Spring5-MVC-Hibernate5-SpringSecurity5-CRUD-317351/QuickFixer/src/main/webapp/resources/css/jquery.DonutWidget.min.css
2026-02-07 01:05:21,306 - Knowledge - INFO - Worker kw15 processing /app/data/T0015/317351/b7037k2/Spring5-MVC-Hibernate5-SpringSecurity5-CRUD-317351/QuickFixer/src/main/webapp/resources/js/jquery.ajaxchimp.min.js
2026-02-07 01:05:21,418 - Knowledge - INFO - Async storage completed for 5 embeddings
2026-02-07 01:05:21,497 - Knowledge - INFO - process ingested knowledge for /app/data/T0015/317351/b7037k2/Spring5-MVC-Hibernate5-SpringSecurity5-CRUD-317351/QuickFixer/src/main/webapp/resources/scss/theme/_home.scss
2026-02-07 01:05:21,583 - Knowledge - INFO - process ingested knowledge for /app/data/T0015/317351/b7037k2/Spring5-MVC-Hibernate5-SpringSecurity5-CRUD-317351/QuickFixer/src/main/webapp/resources/scss/theme/_flexbox.scss
2026-02-07 01:05:21,695 - Knowledge - INFO - process ingested knowledge for /app/data/T0015/317351/b7037k2/Spring5-MVC-Hibernate5-SpringSecurity5-CRUD-317351/QuickFixer/src/main/webapp/resources/css/fixerbreadcrumb.css
2026-02-07 01:05:21,799 - Knowledge - INFO - Progress: 72.4% | Files: 125/156 | Rate: 2.14 files/sec | Queue: 0
2026-02-07 01:05:21,866 - Knowledge - INFO - Worker kw13 processing /app/data/T0015/317351/b7037k2/Spring5-MVC-Hibernate5-SpringSecurity5-CRUD-317351/QuickFixer/src/main/webapp/resources/js/vendor/bootstrap.min.js
2026-02-07 01:05:21,981 - Knowledge - INFO - Worker kw17 processing /app/data/T0015/317351/b7037k2/Spring5-MVC-Hibernate5-SpringSecurity5-CRUD-317351/QuickFixer/pom.xml
2026-02-07 01:05:22,249 - Knowledge - INFO - Worker kw12 processing /app/data/T0015/317351/b7037k2/Spring5-MVC-Hibernate5-SpringSecurity5-CRUD-317351/QuickFixer/src/main/webapp/resources/js/hexagons.min.js
2026-02-07 01:05:22,366 - Knowledge - INFO - Fast-tracked /app/data/T0015/317351/b7037k2/Spring5-MVC-Hibernate5-SpringSecurity5-CRUD-317351/QuickFixer/src/main/webapp/resources/js/owl.carousel.min.js (ext=.js, size=40402)
2026-02-07 01:05:22,543 - Knowledge - INFO - process ingested knowledge for /app/data/T0015/317351/b7037k2/Spring5-MVC-Hibernate5-SpringSecurity5-CRUD-317351/QuickFixer/src/main/webapp/resources/scss/theme/_reset.scss
2026-02-07 01:05:22,544 - Knowledge - INFO - [WEBSOCKET] Sent: Type=progress_update, Size: 274, Duration: 0ms
2026-02-07 01:05:22,549 - Knowledge - INFO - Fast-tracked /app/data/T0015/317351/b7037k2/Spring5-MVC-Hibernate5-SpringSecurity5-CRUD-317351/QuickFixer/src/main/webapp/resources/css/font-awesome.min.css (ext=.css, size=31004)
2026-02-07 01:05:22,623 - Knowledge - INFO - Fast-tracked /app/data/T0015/317351/b7037k2/Spring5-MVC-Hibernate5-SpringSecurity5-CRUD-317351/QuickFixer/src/main/webapp/resources/css/jquery.DonutWidget.min.css (ext=.css, size=13264)
2026-02-07 01:05:22,695 - Knowledge - INFO - Fast-tracked /app/data/T0015/317351/b7037k2/Spring5-MVC-Hibernate5-SpringSecurity5-CRUD-317351/QuickFixer/src/main/webapp/resources/js/jquery.ajaxchimp.min.js (ext=.js, size=4820)
2026-02-07 01:05:22,857 - Knowledge - INFO - process ingested knowledge for /app/data/T0015/317351/b7037k2/Spring5-MVC-Hibernate5-SpringSecurity5-CRUD-317351/QuickFixer/src/main/webapp/resources/scss/theme/_header.scss
2026-02-07 01:05:22,923 - Knowledge - INFO - process ingested knowledge for /app/data/T0015/317351/b7037k2/Spring5-MVC-Hibernate5-SpringSecurity5-CRUD-317351/QuickFixer/src/main/webapp/resources/scss/main.scss
2026-02-07 01:05:23,029 - Knowledge - INFO - process ingested knowledge for /app/data/T0015/317351/b7037k2/Spring5-MVC-Hibernate5-SpringSecurity5-CRUD-317351/QuickFixer/src/main/webapp/resources/css/magnific-popup.css
2026-02-07 01:05:23,195 - Knowledge - INFO - Fast-tracked /app/data/T0015/317351/b7037k2/Spring5-MVC-Hibernate5-SpringSecurity5-CRUD-317351/QuickFixer/src/main/webapp/resources/js/vendor/bootstrap.min.js (ext=.js, size=48944)
2026-02-07 01:05:23,309 - Knowledge - INFO - Fast-tracked /app/data/T0015/317351/b7037k2/Spring5-MVC-Hibernate5-SpringSecurity5-CRUD-317351/QuickFixer/pom.xml (ext=.xml, size=3535)
2026-02-07 01:05:23,424 - Knowledge - INFO - Fast-tracked /app/data/T0015/317351/b7037k2/Spring5-MVC-Hibernate5-SpringSecurity5-CRUD-317351/QuickFixer/src/main/webapp/resources/js/hexagons.min.js (ext=.js, size=3421)
2026-02-07 01:05:23,488 - Knowledge - INFO - Worker kw16 processing /app/data/T0015/317351/b7037k2/Spring5-MVC-Hibernate5-SpringSecurity5-CRUD-317351/QuickFixer/src/main/webapp/resources/js/waypoints.min.js
2026-02-07 01:05:23,562 - Knowledge - INFO - process ingested knowledge for /app/data/T0015/317351/b7037k2/Spring5-MVC-Hibernate5-SpringSecurity5-CRUD-317351/QuickFixer/src/main/webapp/resources/scss/theme/_variables.scss
2026-02-07 01:05:23,668 - Knowledge - INFO - [WEBSOCKET] Sent: Type=unknown, Size: ?, Duration: 1124ms
2026-02-07 01:05:23,750 - Knowledge - INFO - Async storage completed for 5 embeddings
2026-02-07 01:05:23,826 - Knowledge - INFO - Async storage completed for 5 embeddings
2026-02-07 01:05:23,901 - Knowledge - INFO - Async storage completed for 4 embeddings
2026-02-07 01:05:24,018 - Knowledge - INFO - process ingested knowledge for /app/data/T0015/317351/b7037k2/Spring5-MVC-Hibernate5-SpringSecurity5-CRUD-317351/QuickFixer/src/main/webapp/resources/scss/theme/_elements.scss
2026-02-07 01:05:24,091 - Knowledge - INFO - process ingested knowledge for /app/data/T0015/317351/b7037k2/Spring5-MVC-Hibernate5-SpringSecurity5-CRUD-317351/QuickFixer/src/main/webapp/resources/css/animate.min.css
2026-02-07 01:05:24,168 - Knowledge - INFO - process ingested knowledge for /app/data/T0015/317351/b7037k2/Spring5-MVC-Hibernate5-SpringSecurity5-CRUD-317351/QuickFixer/src/main/webapp/resources/css/hexagons.min.css
2026-02-07 01:05:24,282 - Knowledge - INFO - Worker kw13 processing /app/data/T0015/317351/b7037k2/Spring5-MVC-Hibernate5-SpringSecurity5-CRUD-317351/QuickFixer/src/main/webapp/resources/js/hoverIntent.js
2026-02-07 01:05:24,383 - Knowledge - INFO - Async storage completed for 4 embeddings
2026-02-07 01:05:24,473 - Knowledge - INFO - Worker kw12 processing /app/data/T0015/317351/b7037k2/Spring5-MVC-Hibernate5-SpringSecurity5-CRUD-317351/QuickFixer/src/main/webapp/resources/js/jquery.magnific-popup.min.js
2026-02-07 01:05:24,575 - Knowledge - INFO - Fast-tracked /app/data/T0015/317351/b7037k2/Spring5-MVC-Hibernate5-SpringSecurity5-CRUD-317351/QuickFixer/src/main/webapp/resources/js/waypoints.min.js (ext=.js, size=8044)
2026-02-07 01:05:24,756 - Knowledge - INFO - Progress: 80.1% | Files: 125/156 | Rate: 2.02 files/sec | Queue: 0
2026-02-07 01:05:24,887 - Knowledge - INFO - Processing batch of 4 files
2026-02-07 01:05:24,898 - Knowledge - INFO - Processing batch of 4 files
2026-02-07 01:05:25,130 - Knowledge - INFO - process ingested knowledge for /app/data/T0015/317351/b7037k2/Spring5-MVC-Hibernate5-SpringSecurity5-CRUD-317351/QuickFixer/src/main/webapp/resources/scss/theme/_mixins.scss
2026-02-07 01:05:25,151 - Knowledge - INFO - Processing batch of 4 files
2026-02-07 01:05:25,242 - Knowledge - INFO - process ingested knowledge for /app/data/T0015/317351/b7037k2/Spring5-MVC-Hibernate5-SpringSecurity5-CRUD-317351/QuickFixer/src/main/webapp/resources/css/main.css
2026-02-07 01:05:25,342 - Knowledge - INFO - process ingested knowledge for /app/data/T0015/317351/b7037k2/Spring5-MVC-Hibernate5-SpringSecurity5-CRUD-317351/QuickFixer/src/main/webapp/resources/css/linearicons.css
2026-02-07 01:05:25,434 - Knowledge - INFO - Async storage completed for 5 embeddings
2026-02-07 01:05:25,580 - Knowledge - INFO - Processing batch of 3 files
2026-02-07 01:05:25,652 - Knowledge - INFO - Fast-tracked /app/data/T0015/317351/b7037k2/Spring5-MVC-Hibernate5-SpringSecurity5-CRUD-317351/QuickFixer/src/main/webapp/resources/js/jquery.magnific-popup.min.js (ext=.js, size=20216)
2026-02-07 01:05:25,732 - Knowledge - INFO - Async storage completed for 4 embeddings
2026-02-07 01:05:25,925 - Knowledge - INFO - process ingested knowledge for /app/data/T0015/317351/b7037k2/Spring5-MVC-Hibernate5-SpringSecurity5-CRUD-317351/QuickFixer/src/main/webapp/resources/css/bootstrap/bootstrap-grid.css
2026-02-07 01:05:26,025 - Knowledge - INFO - process ingested knowledge for /app/data/T0015/317351/b7037k2/Spring5-MVC-Hibernate5-SpringSecurity5-CRUD-317351/QuickFixer/src/main/webapp/resources/css/jquerysctipttop.css
2026-02-07 01:05:26,207 - Knowledge - INFO - process ingested knowledge for /app/data/T0015/317351/b7037k2/Spring5-MVC-Hibernate5-SpringSecurity5-CRUD-317351/QuickFixer/src/main/webapp/resources/css/theme/pages.css
2026-02-07 01:05:26,535 - Knowledge - INFO - process ingested knowledge for /app/data/T0015/317351/b7037k2/Spring5-MVC-Hibernate5-SpringSecurity5-CRUD-317351/QuickFixer/src/main/webapp/resources/js/jquery.nice-select.min.js
2026-02-07 01:05:26,646 - Knowledge - INFO - Async storage completed for 5 embeddings
2026-02-07 01:05:26,756 - Knowledge - INFO - Split /app/data/T0015/317351/b7037k2/Spring5-MVC-Hibernate5-SpringSecurity5-CRUD-317351/QuickFixer/src/main/webapp/resources/js/slick.js (84265 bytes) into 3 chunks of ~32KB
2026-02-07 01:05:26,808 - Knowledge - INFO - [WEBSOCKET] Sent: Type=progress_update, Size: 274, Duration: 0ms
2026-02-07 01:05:26,951 - Knowledge - INFO - process ingested knowledge for /app/data/T0015/317351/b7037k2/Spring5-MVC-Hibernate5-SpringSecurity5-CRUD-317351/QuickFixer/src/main/webapp/resources/css/bootstrap/bootstrap.css
2026-02-07 01:05:27,031 - Knowledge - INFO - process ingested knowledge for /app/data/T0015/317351/b7037k2/Spring5-MVC-Hibernate5-SpringSecurity5-CRUD-317351/QuickFixer/src/main/webapp/resources/css/bootstrap.css
2026-02-07 01:05:27,034 - Knowledge - INFO - process ingested knowledge for /app/data/T0015/317351/b7037k2/Spring5-MVC-Hibernate5-SpringSecurity5-CRUD-317351/QuickFixer/src/main/webapp/resources/css/nice-select.css
2026-02-07 01:05:27,068 - Knowledge - INFO - process ingested knowledge for /app/data/T0015/317351/b7037k2/Spring5-MVC-Hibernate5-SpringSecurity5-CRUD-317351/QuickFixer/quickfixer.sql
2026-02-07 01:05:27,302 - Knowledge - INFO - [WEBSOCKET] Sent: Type=unknown, Size: ?, Duration: 493ms
2026-02-07 01:05:27,392 - Knowledge - INFO - process ingested knowledge for /app/data/T0015/317351/b7037k2/Spring5-MVC-Hibernate5-SpringSecurity5-CRUD-317351/QuickFixer/src/main/webapp/resources/css/bootstrap/bootstrap-reboot.css
2026-02-07 01:05:27,470 - Knowledge - INFO - process ingested knowledge for /app/data/T0015/317351/b7037k2/Spring5-MVC-Hibernate5-SpringSecurity5-CRUD-317351/QuickFixer/src/main/webapp/resources/css/owl.carousel.css
2026-02-07 01:05:27,588 - Knowledge - INFO - process ingested knowledge for /app/data/T0015/317351/b7037k2/Spring5-MVC-Hibernate5-SpringSecurity5-CRUD-317351/QuickFixer/src/main/webapp/resources/js/mail-script.js
2026-02-07 01:05:27,702 - Knowledge - INFO - process ingested knowledge for /app/data/T0015/317351/b7037k2/Spring5-MVC-Hibernate5-SpringSecurity5-CRUD-317351/QuickFixer/pom.xml
2026-02-07 01:05:27,793 - Knowledge - INFO - Progress: 89.7% | Files: 141/156 | Rate: 2.13 files/sec | Queue: 0
2026-02-07 01:05:27,848 - Knowledge - INFO - Processing batch of 4 files
2026-02-07 01:05:27,914 - Knowledge - INFO - process ingested knowledge for /app/data/T0015/317351/b7037k2/Spring5-MVC-Hibernate5-SpringSecurity5-CRUD-317351/QuickFixer/src/main/webapp/resources/css/font-awesome.min.css
2026-02-07 01:05:28,005 - Knowledge - INFO - process ingested knowledge for /app/data/T0015/317351/b7037k2/Spring5-MVC-Hibernate5-SpringSecurity5-CRUD-317351/QuickFixer/src/main/webapp/resources/css/jquery.DonutWidget.min.css
2026-02-07 01:05:28,093 - Knowledge - INFO - process ingested knowledge for /app/data/T0015/317351/b7037k2/Spring5-MVC-Hibernate5-SpringSecurity5-CRUD-317351/QuickFixer/src/main/webapp/resources/js/jquery.ajaxchimp.min.js
2026-02-07 01:05:28,365 - Knowledge - INFO - process ingested knowledge for /app/data/T0015/317351/b7037k2/Spring5-MVC-Hibernate5-SpringSecurity5-CRUD-317351/QuickFixer/src/main/webapp/resources/js/easing.min.js
2026-02-07 01:05:28,944 - Knowledge - INFO - process ingested knowledge for /app/data/T0015/317351/b7037k2/Spring5-MVC-Hibernate5-SpringSecurity5-CRUD-317351/QuickFixer/src/main/webapp/resources/js/parallax.min.js
2026-02-07 01:05:29,329 - Knowledge - INFO - process ingested knowledge for /app/data/T0015/317351/b7037k2/Spring5-MVC-Hibernate5-SpringSecurity5-CRUD-317351/QuickFixer/src/main/webapp/resources/js/hexagons.min.js
2026-02-07 01:05:29,553 - Knowledge - INFO - process ingested knowledge for /app/data/T0015/317351/b7037k2/Spring5-MVC-Hibernate5-SpringSecurity5-CRUD-317351/QuickFixer/src/main/webapp/resources/js/jquery.magnific-popup.min.js
2026-02-07 01:05:30,131 - Knowledge - INFO - [WEBSOCKET] Sent: Type=progress_update, Size: 273, Duration: 0ms
2026-02-07 01:05:30,302 - Knowledge - INFO - [WEBSOCKET] Sent: Type=unknown, Size: ?, Duration: 171ms
2026-02-07 01:05:30,529 - Knowledge - INFO - Progress: 92.3% | Files: 144/156 | Rate: 2.07 files/sec | Queue: 0
2026-02-07 01:05:33,183 - Knowledge - INFO - [LLM_CALL] Completed: hoverIntent.js:chunk1, Duration: 6751ms, PromptTokens: 3978, CompletionTokens: 250, Cost: $0.00050
2026-02-07 01:05:33,372 - Knowledge - INFO - done ingest for /app/data/T0015/317351/b7037k2/Spring5-MVC-Hibernate5-SpringSecurity5-CRUD-317351/QuickFixer/src/main/webapp/resources/js/hoverIntent.js
2026-02-07 01:05:33,621 - Knowledge - INFO - Processing batch of 4 files
2026-02-07 01:05:33,805 - Knowledge - INFO - process ingested knowledge for /app/data/T0015/317351/b7037k2/Spring5-MVC-Hibernate5-SpringSecurity5-CRUD-317351/QuickFixer/src/main/webapp/resources/js/superfish.min.js
2026-02-07 01:05:33,843 - Knowledge - INFO - [LLM_CALL] Completed: jquery.sticky.js:chunk1, Duration: 9087ms, PromptTokens: 3574, CompletionTokens: 331, Cost: $0.00049
2026-02-07 01:05:34,003 - Knowledge - INFO - process ingested knowledge for /app/data/T0015/317351/b7037k2/Spring5-MVC-Hibernate5-SpringSecurity5-CRUD-317351/QuickFixer/src/main/webapp/resources/js/vendor/jquery-2.2.4.min.js
2026-02-07 01:05:34,123 - Knowledge - INFO - done ingest for /app/data/T0015/317351/b7037k2/Spring5-MVC-Hibernate5-SpringSecurity5-CRUD-317351/QuickFixer/src/main/webapp/resources/js/jquery.sticky.js
2026-02-07 01:05:34,270 - Knowledge - INFO - process ingested knowledge for /app/data/T0015/317351/b7037k2/Spring5-MVC-Hibernate5-SpringSecurity5-CRUD-317351/QuickFixer/src/main/webapp/resources/js/vendor/bootstrap.min.js
2026-02-07 01:05:34,624 - Knowledge - INFO - process ingested knowledge for /app/data/T0015/317351/b7037k2/Spring5-MVC-Hibernate5-SpringSecurity5-CRUD-317351/QuickFixer/src/main/webapp/resources/js/hoverIntent.js
2026-02-07 01:05:35,076 - Knowledge - INFO - [LLM_CALL] Completed: superfish.js:chunk1, Duration: 8378ms, PromptTokens: 5342, CompletionTokens: 406, Cost: $0.00070
2026-02-07 01:05:35,264 - Knowledge - INFO - done ingest for /app/data/T0015/317351/b7037k2/Spring5-MVC-Hibernate5-SpringSecurity5-CRUD-317351/QuickFixer/src/main/webapp/resources/js/superfish.js
2026-02-07 01:05:35,269 - Knowledge - INFO - [WEBSOCKET] Sent: Type=progress_update, Size: 272, Duration: 0ms
2026-02-07 01:05:35,532 - Knowledge - INFO - [WEBSOCKET] Sent: Type=unknown, Size: ?, Duration: 262ms
2026-02-07 01:05:35,687 - Knowledge - INFO - Progress: 94.9% | Files: 148/156 | Rate: 1.98 files/sec | Queue: 0
2026-02-07 01:05:37,860 - Knowledge - INFO - [LLM_CALL] Completed: main.js:chunk1, Duration: 12162ms, PromptTokens: 4656, CompletionTokens: 603, Cost: $0.00071
2026-02-07 01:05:38,081 - Knowledge - INFO - done ingest for /app/data/T0015/317351/b7037k2/Spring5-MVC-Hibernate5-SpringSecurity5-CRUD-317351/QuickFixer/src/main/webapp/resources/js/main.js
2026-02-07 01:05:38,355 - Knowledge - INFO - Processing batch of 4 files
2026-02-07 01:05:38,535 - Knowledge - INFO - process ingested knowledge for /app/data/T0015/317351/b7037k2/Spring5-MVC-Hibernate5-SpringSecurity5-CRUD-317351/QuickFixer/src/main/webapp/resources/js/jquery.sticky.js
2026-02-07 01:05:38,715 - Knowledge - INFO - process ingested knowledge for /app/data/T0015/317351/b7037k2/Spring5-MVC-Hibernate5-SpringSecurity5-CRUD-317351/QuickFixer/src/main/webapp/resources/js/main.js
2026-02-07 01:05:38,859 - Knowledge - INFO - process ingested knowledge for /app/data/T0015/317351/b7037k2/Spring5-MVC-Hibernate5-SpringSecurity5-CRUD-317351/QuickFixer/src/main/webapp/resources/js/jquery.counterup.min.js
2026-02-07 01:05:39,077 - Knowledge - INFO - process ingested knowledge for /app/data/T0015/317351/b7037k2/Spring5-MVC-Hibernate5-SpringSecurity5-CRUD-317351/QuickFixer/src/main/webapp/resources/js/superfish.js
2026-02-07 01:05:39,583 - Knowledge - INFO - [WEBSOCKET] Sent: Type=progress_update, Size: 272, Duration: 0ms
2026-02-07 01:05:39,763 - Knowledge - INFO - [WEBSOCKET] Sent: Type=unknown, Size: ?, Duration: 180ms
2026-02-07 01:05:39,944 - Knowledge - INFO - Progress: 97.4% | Files: 152/156 | Rate: 1.92 files/sec | Queue: 0
2026-02-07 01:05:43,217 - Knowledge - INFO - [LLM_CALL] Completed: slick.js:chunk1, Duration: 15917ms, PromptTokens: 14534, CompletionTokens: 1087, Cost: $0.00189
2026-02-07 01:06:02,189 - Knowledge - INFO - [LLM_CALL] Completed: slick.js:chunk2, Duration: 18754ms, PromptTokens: 16852, CompletionTokens: 1260, Cost: $0.00219
2026-02-07 01:06:21,281 - Knowledge - INFO - [LLM_CALL] Completed: slick.js:chunk3, Duration: 18909ms, PromptTokens: 11488, CompletionTokens: 1258, Cost: $0.00165
2026-02-07 01:06:21,440 - Knowledge - INFO - done ingest for /app/data/T0015/317351/b7037k2/Spring5-MVC-Hibernate5-SpringSecurity5-CRUD-317351/QuickFixer/src/main/webapp/resources/js/slick.js
2026-02-07 01:06:21,670 - Knowledge - INFO - Processing batch of 4 files
2026-02-07 01:06:21,831 - Knowledge - INFO - process ingested knowledge for /app/data/T0015/317351/b7037k2/Spring5-MVC-Hibernate5-SpringSecurity5-CRUD-317351/QuickFixer/src/main/webapp/resources/js/slick.js
2026-02-07 01:06:21,984 - Knowledge - INFO - process ingested knowledge for /app/data/T0015/317351/b7037k2/Spring5-MVC-Hibernate5-SpringSecurity5-CRUD-317351/QuickFixer/src/main/webapp/resources/js/pdfmake.min.js
2026-02-07 01:06:22,159 - Knowledge - INFO - process ingested knowledge for /app/data/T0015/317351/b7037k2/Spring5-MVC-Hibernate5-SpringSecurity5-CRUD-317351/QuickFixer/src/main/webapp/resources/js/owl.carousel.min.js
2026-02-07 01:06:22,325 - Knowledge - INFO - process ingested knowledge for /app/data/T0015/317351/b7037k2/Spring5-MVC-Hibernate5-SpringSecurity5-CRUD-317351/QuickFixer/src/main/webapp/resources/js/waypoints.min.js
2026-02-07 01:06:22,823 - Knowledge - INFO - [WEBSOCKET] Sent: Type=progress_update, Size: 272, Duration: 0ms
2026-02-07 01:06:23,009 - Knowledge - INFO - [WEBSOCKET] Sent: Type=unknown, Size: ?, Duration: 187ms
2026-02-07 01:06:23,174 - Knowledge - INFO - Progress: 100.0% | Files: 156/156 | Rate: 1.28 files/sec | Queue: 0
2026-02-07 01:06:23,321 - Knowledge - INFO - Knowledge creation complete
2026-02-07 01:06:23,498 - Knowledge - INFO - ==================================================
2026-02-07 01:06:23,710 - Knowledge - INFO - KNOWLEDGE GRAPH GENERATION PERFORMANCE SUMMARY
2026-02-07 01:06:23,861 - Knowledge - INFO - ==================================================
2026-02-07 01:06:24,064 - Knowledge - INFO - Total processing time: 122.83 seconds (2.05 minutes)
2026-02-07 01:06:24,235 - Knowledge - INFO - Files processed: 0
2026-02-07 01:06:24,458 - Knowledge - INFO - Processing rate: 0.00 files/second
2026-02-07 01:06:24,620 - Knowledge - INFO - 
[TIME_BREAKDOWN]
2026-02-07 01:06:24,780 - Knowledge - INFO - File Reading: 0.00s (0.0%)
2026-02-07 01:06:24,934 - Knowledge - INFO - LLM Processing: 89.96s (73.2%)
2026-02-07 01:06:25,104 - Knowledge - INFO - MongoDB Operations: 0.00s (0.0%)
2026-02-07 01:06:25,288 - Knowledge - INFO - Redis Operations: 0.00s (0.0%)
2026-02-07 01:06:25,427 - Knowledge - INFO - WebSocket Communication: 18.94s (15.4%)
2026-02-07 01:06:25,622 - Knowledge - INFO - Other Overhead: 13.93s (11.3%)
2026-02-07 01:06:25,802 - Knowledge - INFO - 
[LLM_STATS]
2026-02-07 01:06:25,972 - Knowledge - INFO - Total LLM calls: 7
2026-02-07 01:06:26,156 - Knowledge - INFO - Average LLM response time: 12851ms
2026-02-07 01:06:26,318 - Knowledge - INFO - Average prompt tokens: 8632.0
2026-02-07 01:06:26,472 - Knowledge - INFO - Average completion tokens: 742.1
2026-02-07 01:06:26,642 - Knowledge - INFO - Total prompt tokens: 60424
2026-02-07 01:06:26,803 - Knowledge - INFO - Total completion tokens: 5195
2026-02-07 01:06:27,006 - Knowledge - INFO - Total LLM cost: $0.0081
2026-02-07 01:06:27,207 - Knowledge - INFO - 
[DATABASE_STATS]
2026-02-07 01:06:27,417 - Knowledge - INFO - MongoDB operations: 0
2026-02-07 01:06:27,574 - Knowledge - INFO - Redis operations: 0
2026-02-07 01:06:27,776 - Knowledge - INFO - 
[COMMUNICATION_STATS]
2026-02-07 01:06:27,965 - Knowledge - INFO - WebSocket messages sent: 33
2026-02-07 01:06:28,137 - Knowledge - INFO - Average message size: 139.6 bytes
2026-02-07 01:06:28,311 - Knowledge - INFO - 
[WORKER_STATS]
2026-02-07 01:06:28,534 - Knowledge - INFO - 
[FILE_TYPE_STATS]
2026-02-07 01:06:28,724 - Knowledge - INFO - 
[SLOWEST_FILES]
2026-02-07 01:06:28,875 - Knowledge - INFO - ==================================================
2026-02-07 01:06:29,045 - Knowledge - INFO - ==================================================
2026-02-07 01:06:29,227 - Knowledge - INFO - KNOWLEDGE GRAPH GENERATION PERFORMANCE SUMMARY
2026-02-07 01:06:29,384 - Knowledge - INFO - ==================================================
2026-02-07 01:06:29,567 - Knowledge - INFO - Total processing time: 128.44 seconds (2.14 minutes)
2026-02-07 01:06:29,766 - Knowledge - INFO - Files processed: 156 of 156
2026-02-07 01:06:29,931 - Knowledge - INFO - Processing rate: 1.21 files/second
2026-02-07 01:06:30,138 - Knowledge - INFO - WebSocket messages sent: 16
2026-02-07 01:06:30,329 - Knowledge - INFO - MongoDB operations: 156
2026-02-07 01:06:30,521 - Knowledge - INFO - Average MongoDB ops per file: 1.00
2026-02-07 01:06:30,692 - Knowledge - INFO - LLM costs: $0.0081
2026-02-07 01:06:30,845 - Knowledge - INFO - Prompt tokens: 60424
2026-02-07 01:06:31,027 - Knowledge - INFO - Completion tokens: 5195
2026-02-07 01:06:31,258 - Knowledge - INFO - Updating org costs, total cost: 0.0081204
2026-02-07 01:06:32,424 - Knowledge - INFO - [WEBSOCKET] Sent: Type=progress_update, Size: 268, Duration: 0ms
2026-02-07 01:06:32,606 - Knowledge - INFO - Saving knowledge to Redis...
2026-02-07 01:06:32,918 - Knowledge - INFO - Knowledge saved to Redis successfully
